-- phpMyAdmin SQL Dump
-- version 4.8.5
-- https://www.phpmyadmin.net/
--
-- Servidor: 127.0.0.1
-- Tiempo de generación: 09-03-2022 a las 08:12:38
-- Versión del servidor: 10.1.40-MariaDB
-- Versión de PHP: 7.3.5

SET SQL_MODE = "NO_AUTO_VALUE_ON_ZERO";
SET AUTOCOMMIT = 0;
START TRANSACTION;
SET time_zone = "+00:00";


/*!40101 SET @OLD_CHARACTER_SET_CLIENT=@@CHARACTER_SET_CLIENT */;
/*!40101 SET @OLD_CHARACTER_SET_RESULTS=@@CHARACTER_SET_RESULTS */;
/*!40101 SET @OLD_COLLATION_CONNECTION=@@COLLATION_CONNECTION */;
/*!40101 SET NAMES utf8mb4 */;

--
-- Base de datos: `registro`
--
CREATE DATABASE IF NOT EXISTS `registro` DEFAULT CHARACTER SET utf8 COLLATE utf8_spanish2_ci;
USE `registro`;

-- --------------------------------------------------------

--
-- Estructura de tabla para la tabla `datoscentro`
--

DROP TABLE IF EXISTS `datoscentro`;
CREATE TABLE IF NOT EXISTS `datoscentro` (
  `Cod_Centro` int(8) NOT NULL,
  `NombreCentro` varchar(100) DEFAULT NULL,
  `Director` varchar(50) DEFAULT NULL,
  `cif` varchar(15) DEFAULT NULL,
  PRIMARY KEY (`Cod_Centro`)
) ENGINE=InnoDB DEFAULT CHARSET=utf8;

--
-- Volcado de datos para la tabla `datoscentro`
--

INSERT INTO `datoscentro` (`Cod_Centro`, `NombreCentro`, `Director`, `cif`) VALUES
(19002615, 'IES Arcipreste de Hita', 'César San Juan Pastor', 'S1900202A');

-- --------------------------------------------------------

--
-- Estructura de tabla para la tabla `easunto`
--

DROP TABLE IF EXISTS `easunto`;
CREATE TABLE IF NOT EXISTS `easunto` (
  `id` int(8) NOT NULL,
  `descri` varchar(50) DEFAULT NULL,
  PRIMARY KEY (`id`)
) ENGINE=InnoDB DEFAULT CHARSET=utf8;

--
-- Volcado de datos para la tabla `easunto`
--

INSERT INTO `easunto` (`id`, `descri`) VALUES
(1, 'Concurso de Traslados'),
(2, 'Oposiciones'),
(3, 'Otro');

-- --------------------------------------------------------

--
-- Estructura de tabla para la tabla `edestino`
--

DROP TABLE IF EXISTS `edestino`;
CREATE TABLE IF NOT EXISTS `edestino` (
  `id` int(8) NOT NULL,
  `descri` varchar(50) DEFAULT NULL,
  PRIMARY KEY (`id`)
) ENGINE=InnoDB DEFAULT CHARSET=utf8;

--
-- Volcado de datos para la tabla `edestino`
--

INSERT INTO `edestino` (`id`, `descri`) VALUES
(1, 'Director'),
(2, 'Otro');

-- --------------------------------------------------------

--
-- Estructura de tabla para la tabla `rentrada`
--

DROP TABLE IF EXISTS `rentrada`;
CREATE TABLE IF NOT EXISTS `rentrada` (
  `Referencia` int(8) NOT NULL,
  `Fecha` varchar(25) DEFAULT NULL,
  `Asunto` int(8) DEFAULT NULL,
  `AsuntoOtro` varchar(8) DEFAULT NULL,
  `Destino` int(8) DEFAULT NULL,
  `DestinoOtro` varchar(50) DEFAULT NULL,
  `Interesado` varchar(50) DEFAULT NULL,
  `Resumen` varchar(100) DEFAULT NULL,
  `Observaciones` mediumtext,
  `fecham` varchar(25) DEFAULT NULL,
  `mmod` varchar(100) DEFAULT NULL,
  PRIMARY KEY (`Referencia`),
  KEY `FK_EASUNTO` (`Asunto`),
  KEY `FK_EDESTINO` (`Destino`)
) ENGINE=InnoDB DEFAULT CHARSET=utf8;

--
-- Volcado de datos para la tabla `rentrada`
--

INSERT INTO `rentrada` (`Referencia`, `Fecha`, `Asunto`, `AsuntoOtro`, `Destino`, `DestinoOtro`, `Interesado`, `Resumen`, `Observaciones`, `fecham`, `mmod`) VALUES
(1, '2022-03-03 09:32:56', 3, ' ', 1, ' ', 'ordenador', ' ', 'SOLICITUD ANULACIÓN MATRÍCULA 1Ş ASIR', '', ' '),
(2, '8/1/2020 0:00:00', 3, ' ', 1, ' ', 'PERSONAL', ' ', 'PERMISO POR ASISTENCIA A CURSO DE FORMACIÓN DE DAVID BERNARDEZ IGLESIAS.', '', ' '),
(3, '8/1/2020 0:00:00', 3, ' ', 1, ' ', 'PERSONAL', ' ', 'PERMISO POR SISTENCIA A CURSO DE FORMACIÓN DE MŞ ISABLE MORENO MENESES', '', ' '),
(4, '8/1/2020 0:00:00', 3, ' ', 1, ' ', 'PERSONAL', ' ', 'LICIENCIA POR ENFERMEDAD DE JOAQUÍN AULLANA IBÁŃEZ', '', ' '),
(5, '14/1/2020 0:00:00', 3, ' ', 1, ' ', 'SERGIO ADALIA SANZ', ' ', 'SOLICITUD EXENCIÓN FCT', '', ' '),
(6, '14/1/2020 0:00:00', 3, ' ', 1, ' ', 'COLEGIO SAN JOAQUÍN Y STA ANA', ' ', 'SOLICITUD DOCUMENTACIÓN ACADÉMICA DE VALLERIA FAURÓ GONZÁLEZ.', '', ' '),
(7, '16/1/2020 0:00:00', 3, ' ', 1, ' ', 'JESÚS LÓPEZ JAREŃO', ' ', 'SOLICITUD ANULACIÓN MATRÍCULA E-LEARNING', '', ' '),
(8, '17/1/2020 0:00:00', 3, ' ', 1, ' ', 'PERSONAL', ' ', 'LICENCIA POR ENFERMEDAD DE IRENE SERRANO GARCÍA.', '', ' '),
(9, '17/1/2020 0:00:00', 3, ' ', 1, ' ', 'GESTIÓN EDUCATIVA', ' ', 'LISTADOS DE ALUMNO BECARIOS.', '9/10/2020 0:00:00', ' MODIFICAR'),
(10, '17/1/2020 0:00:00', 3, ' ', 1, ' ', 'IES VICTORIA KENT', ' ', 'DOCUMENTACIÓ ACADÉMICA DE SERGIO GARCÍA GARCÍA.', '', ' '),
(11, '21/1/2020 0:00:00', 3, ' ', 1, ' ', 'IVAN IVANOF VALTCHEV', ' ', 'SOLICITUD ANULACIÓN MATRÍCULA 1Ş DAW', '', ' '),
(12, '24/1/2020 0:00:00', 3, ' ', 1, ' ', 'PESSONAL', ' ', 'LICENCIA POR ENFERMEDAD LOURDES GÁMEZ NAVAS.', '', ' '),
(13, '24/1/2020 0:00:00', 3, ' ', 1, ' ', 'PERSONAL', ' ', 'LICENCIA POR ENFERMEDAD DE ANA BELÉN MARTÍN DEL RAMO.', '', ' '),
(14, '27/1/2020 0:00:00', 3, ' ', 1, ' ', 'PERSONAL', ' ', 'LICENCIA POR ENFERMEDAD DE MŞ JOSÉ DURÁN SILES.', '', ' '),
(15, '27/1/2020 0:00:00', 3, ' ', 1, ' ', 'PERSONAL', ' ', 'LICENCIA POR MATERNIDAD  DE MŞ JOSÉ DURÁN SILES.', '', ' '),
(16, '28/1/2020 0:00:00', 3, ' ', 1, ' ', 'BEGOŃA VÁZQUEZ PARIENTE', ' ', 'SOLICITUD DE UN DÍA DE PERSMISO SIN SUELDO.', '', ' '),
(17, '31/1/2020 0:00:00', 3, ' ', 1, ' ', 'PERSONAL SECUNDARIA', ' ', 'RECONOCIMIENTO DE SEXENIO DE MARÍA BRIHUEGA AGUILAR.', '', ' '),
(18, '4/2/2020 0:00:00', 3, ' ', 1, ' ', 'PERSONAL SECUNDARIA', ' ', 'LICENCIA POR ENFERMEDAD DE JUAN ALBERTO OVIEDO MARTÍN.', '', ' '),
(19, '4/2/2020 0:00:00', 3, ' ', 1, ' ', 'DELEGACIÓN EDUCACIÓN GUADALAJARA', ' ', 'PERMISO POR ASISTENCIA A CURSOS DE FORMACIÓN', '', ' '),
(20, '5/2/2020 0:00:00', 3, ' ', 1, ' ', 'ANTONIA AYBAR ARIAS', ' ', 'RECLAMACIÓN SOBRE LA EXPULSIÓN DE KEILY GUZMAN AYBAR.', '5/2/2020 0:00:00', ' MODIFICAR'),
(21, '5/2/2020 0:00:00', 3, ' ', 1, ' ', 'PERSONAL', ' ', 'LICENCIA POR ENFERMEDAD DE BEATRIZFERNÁNDEZ LARIOS.', '', ' '),
(22, '10/2/2020 0:00:00', 3, ' ', 1, ' ', 'JOSÉ ÁNGEL LÓPEZ DÍAZ', ' Anulación matrícula DAW', 'ANULACIÓN MATRÍCULA DAW DE JOSÉ ÁNGEL LÓPEZ DÍAS', '', ' '),
(23, '12/2/2020 0:00:00', 3, ' ', 1, ' ', 'PERSONAL', ' ', 'LICENCIA POR ENFERMEDAD DE MŞ DEL PILAR VILLAVERDE.', '', ' '),
(24, '12/2/2020 0:00:00', 3, ' ', 1, ' ', 'PERSONAL', ' ', 'LICENCIA POR ENFERMEDAD DE MŞ ISABEL DEL REY GIL', '', ' '),
(25, '13/2/2020 0:00:00', 3, ' ', 1, ' ', 'PERSONAL', ' ', 'LICENCIA POR ENFERMEDAD DE MŞ ASCENSIÓN MINGUIJÓN HERNÁNDEZ', '', ' '),
(26, '17/2/2020 0:00:00', 3, ' ', 1, ' ', 'PEDRO MARTINEZ VALIENTE', ' ', 'SOLICITUD CERTIFICADO ACADÉMICO.', '', ' '),
(27, '17/2/2020 0:00:00', 3, ' ', 1, ' ', 'PERSONAL', ' ', 'LICENCIA POR ENFERMEDAD DE MŞ DEL MAR SERRANO GARRIDO.', '', ' '),
(28, '18/2/2020 0:00:00', 3, ' ', 1, ' ', 'JOSÉ MANUEL ABAD CORREA', ' ', 'SOLICITUD ANULACIÓN DE MATRÍCULA CFGM', '', ' '),
(29, '19/2/2020 0:00:00', 3, ' ', 1, ' ', 'COLEGIO SANTO TOMÁS DE AQUINO', ' ', 'OFICIO SOLICITANDO HISTORIAL ACADÉMICO DE THAIS VALENTINA NIETO CALLES.', '14/10/2020 0:00:00', 'MODIFICAR'),
(30, '20/2/2020 0:00:00', 3, ' ', 1, ' ', 'D.P. EDUCACIÓN- GESTIÓN EDUCATIVA', ' ', 'LISTADO DE ALUMNOS BECARIOS.', '', ' '),
(31, '20/2/2020 0:00:00', 3, ' ', 1, ' ', 'GUIOMAR ONDO GONZÁLEZ', ' ', 'SOLICITUD ANULACIÓN DE MATRÍCULA E-LEARNING.', '', ' '),
(32, '26/2/2020 0:00:00', 3, ' ', 1, ' ', 'DARIO CENTENERA PÉREZ', ' ', 'SOLICITUD ANULACIÓN MATRÍCULA CFGS- DAW', '', ' '),
(33, '26/2/2020 0:00:00', 3, ' ', 1, ' ', 'GREGORIO FERNÁNDEZ GALLEGO', ' ', 'SOLICITUD ANULACIÓN MATRÍCULA DEL MÚDULO ENTERNOS DE DEARROLLO CFGS- E-LEARNING', '', ' '),
(34, '26/2/2020 0:00:00', 3, ' ', 1, ' ', 'PERSONAL', ' ', 'LICENCIA POR ENFERMEDAD DE IRENE SERRANO GGARCÍA', '', ' '),
(35, '26/2/2020 0:00:00', 3, ' ', 1, ' ', 'PERSONAL', ' ', 'LICENCIA POR ENFERMEDAD DE JOSÉ ANTONIO SERRANO GARRIDO.', '', ' '),
(36, '28/2/2020 0:00:00', 3, ' ', 1, ' ', 'ADRIÁN VIARIO DIEGO', ' ', 'SOLICITUD ANULACIÓN DE MATRÍCULA', '', ' '),
(37, '28/2/2020 0:00:00', 3, ' ', 1, ' ', 'GESTIÓN EDUCATIVA', ' ', 'LISTADO DE ALUMNOS BECARIOS.', '', ' '),
(38, '2/3/2020 0:00:00', 3, ' ', 1, ' ', 'RAMONA GABRIELA PURCARIU', ' ', 'SOLICITUD DE BAJA EN EL CENTRO DE ADRIÁN POUL PURCARIU.', '', ' '),
(39, '3/3/2020 0:00:00', 3, ' ', 1, ' ', 'ALEJANDRA SANZ MARINA', ' ', 'SOLICITUD ANULACIÓN MATRÍCULA DAW E-LEARNING', '', ' '),
(40, '3/3/2020 0:00:00', 3, ' ', 1, ' ', 'PERSONAL', ' ', 'LICENCIA POR ENFERMEDAD DE ASCENSIÓN MINGUIJÓN HERNÁNDEZ.', '', ' '),
(41, '3/3/2020 0:00:00', 3, ' ', 1, ' ', 'PERSONAL', ' ', 'PERMISO POR ASISTENCIA A CURSO DE FORMACIÓN DE MANUEL CAŃAS MINGORANCE', '', ' '),
(42, '6/3/2020 0:00:00', 3, ' ', 1, ' ', 'PERSONAL', ' ', 'LICENCIA POR ENFERMEDAD DE VANESA MARTÍNEZ ANTÓN.', '', ' '),
(43, '9/3/2020 0:00:00', 3, ' ', 1, ' ', 'PERSONAL SECUNDARIA', ' ', 'RECONOCIMIENTO SEXENIO DE ASCENSIÓN MINGUIJÓN FERNÁNDEZ', '', ' '),
(44, '9/3/2020 0:00:00', 3, ' ', 1, ' ', 'PERSONAL', ' ', 'LICENCIA POR ENFERMEDAD DE JUAN OBEO', '', ' '),
(45, '9/3/2020 0:00:00', 3, ' ', 1, ' ', 'PERSONAL', ' ', 'LICENCIA POR ENFERMEDAD DE IRENE SERRANO GARCÍA.', '', ' '),
(46, '10/3/2020 0:00:00', 3, ' ', 1, ' ', 'IHOR KRYSKIV PANIK', ' ', 'SOLICITUD CONVOCATORIA EXTRAORDINARIA SMR', '', ' '),
(47, '10/3/2020 0:00:00', 3, ' ', 1, ' ', 'D.P DE BIENESTAR SOCIAL- S. DE INFANCIA Y FAMILIA', ' ', 'CONTESTACIÓN A LA SOLICITUD DE PROTOCOLO A SEGUIR SOBRE NICOLE Y NOELIA TORO CARTAGENA.', '', ' '),
(48, '21/5/2020 0:00:00', 3, ' ', 1, ' ', 'SERVICIO DE INSPECCIÓN', ' ', 'RDO ESCRITO DIRIGIDO A MŞ TERESA MARTÍNEZ RODRIGO', '', ' '),
(49, '21/5/2020 0:00:00', 3, ' ', 1, ' ', 'SERVICIO DE INSPECCIÓN', ' ', 'RDO ESCRITO DIRIGIDO A MŞ ISABEL MORENO MENESES.', '', ' '),
(50, '21/5/2020 0:00:00', 3, ' ', 1, ' ', 'SERVICIO DE INSPECCIÓN', ' ', 'RDO ESCRITO DIRIGIDO A BELÉN BESTEIRO MARTÍNEZ', '', ' '),
(51, '9/6/2020 0:00:00', 3, ' ', 1, ' ', 'D.P EDUCACIÓN- PERSONAL', ' ', 'LICENCIA POR ENFERMEDAD DE CÉSAR SAN JUAN PASTOR', '', ' '),
(52, '9/6/2020 0:00:00', 3, ' ', 1, ' ', 'D.P EDUCACIÓN -PARSONAŃ', ' ', 'LICENCIA POR ENFERMEDAD DE BELÉN BESTEIRO MARTÍNEZ', '', ' '),
(53, '9/6/2020 0:00:00', 3, ' ', 1, ' ', 'D.P EDUCACIÓN-PRSONAL', ' ', 'LICENCIA POR ENFERMEDAD DE PABLO BROGUERAS MARTÍNEZ', '', ' '),
(54, '9/6/2020 0:00:00', 3, ' ', 1, ' ', 'D.P EDUCACIÓN -PERSONAL', ' ', 'LICENCIA POR PATERNIDAD PABLO RECIO', '', ' '),
(55, '9/6/2020 0:00:00', 3, ' ', 1, ' ', 'D.E. EDUCACIÓN -PERSONAL', ' ', 'LICENCIA POR ENFERMEDAD DE CRISTINA MUŃOZ CABEZAS', '14/10/2020 0:00:00', ' MODIFICAR'),
(56, '9/6/2020 0:00:00', 3, ' ', 1, ' ', 'INSEPCCIÓN', ' ', 'NOMBRAMIENTO RENOVACIÓN DIRECTOR', '', ' '),
(57, '9/6/2020 0:00:00', 3, ' ', 1, ' ', 'D.P EDUCACIÓN-PERSONAL', ' ', 'LICENCIA POR ENFERMEDAD DE LOURDES NAVAS', '', ' '),
(58, '10/6/2020 0:00:00', 3, ' ', 1, ' ', 'PERSONAL', ' ', 'LICENCIA POR ENFERMEDAD DE CRISTINA MUŃOZ CABEZAS', '', ' '),
(59, '17/6/2020 0:00:00', 3, ' ', 1, ' ', 'PERSONAL', ' ', 'LICENCIA POR ENFERMEDAD DE CRISTINA MUŃOZ CABEZAS', '', ' '),
(60, '1/7/2020 0:00:00', 3, ' ', 1, ' ', 'PERSONAL', ' ', 'LICENCIA POR MATERNIDAD DE IRENE SERRANO GARCÍA', '', ' '),
(61, '1/7/2020 0:00:00', 3, ' ', 1, ' ', 'PERSONAL', ' ', 'LICENCIA POR ENFERMEDAD DE IRENE SERRANO GARCÍA', '', ' '),
(62, '2/7/2020 0:00:00', 3, ' ', 1, ' ', 'SERVICIO DE INSPECCIÓN', ' ', 'RESOLUCIÓN PROPUESTA DE ABANDONO PMAR DE KEILY MARÍA GUZMAN AYBAR', '', ' '),
(63, '9/7/2020 0:00:00', 3, ' ', 1, ' ', 'PERSONAL', ' ', 'LICENCIA POR ENFERMEDAD DE ÁNGEL REVUELTO CORBELLINI', '', ' '),
(64, '9/7/2020 0:00:00', 3, ' ', 1, ' ', 'CEIP VIRGEN DE LA SOLEDAD', ' ', 'DOCUMENTACIÓN DEL ALUMNO JOSÉ MARÍA PEINADO GARCÍA.', '', ' '),
(65, '17/7/2020 0:00:00', 3, ' ', 1, ' ', 'PERSONAL', ' ', 'LICENCIA POR ENFERMEDAD DE CRISTINA MUŃOZ CABEZAS,', '', ' '),
(66, '17/7/2020 0:00:00', 3, ' ', 1, ' ', 'SERVICIO DE INSPECCIÓN', ' ', 'INCORPORACIÓN ALUMOS DE PMAR (2Ş ESO)', '', ' '),
(67, '27/7/2020 0:00:00', 3, ' ', 1, ' ', 'D. P. EDUCACIÓN-SECRETARIO PROVINCIAL', ' ', 'RESOLUCIÓN RECURSO DE ALZADA INTERPUESTO POR JUAN CARLOS DEL OLMO.', '', ' '),
(68, '27/7/2020 0:00:00', 3, ' ', 1, ' ', 'PERSONAL', ' ', 'LICENCIA POR ENFERMEDAD DE JOAQUÍN AULLANA IBÁŃEZ.', '', ' '),
(69, '3/9/2020 0:00:00', 3, ' ', 1, ' ', 'PERSONAL', ' ', 'REDUCCIÓN DE JORNADA POR RAZONES DE GUARDA LEGAL DE ISABLE DEL REY GIL.', '9/11/2020 0:00:00', 'MODIFICAR'),
(70, '3/9/2020 0:00:00', 3, ' ', 1, ' ', 'PERSONAL', ' ', 'REDUCCIÓN DE JORNADA POR HIJO MERNOR.GUARDA LEGAL DE CATALINA ROLDÁN LÁZARO', '9/11/2020 0:00:00', ' MODIFICAR'),
(71, '15/9/2020 0:00:00', 3, ' ', 1, ' ', 'JAVIER LOZANO ASENJO', ' ', 'SOLICITUD DE EXENCIÓN DE FCT', '', ' '),
(72, '16/9/2020 0:00:00', 3, ' ', 1, ' ', 'SERGIU ABEL GIURGIU', ' ', 'SOLICITUD CONVALIDACIÓN MÓDULO EIE.2Ş DAW', '', ' '),
(73, '17/9/2020 0:00:00', 3, ' ', 1, ' ', 'JUAN MOLINA GÓMEZ', ' ', 'SOLICITUD DE CONVALIDACIÓN VARIO MÓDULOS DE CFGS- DAW', '', ' '),
(74, '17/9/2020 0:00:00', 3, ' ', 1, ' ', 'SERGIO MARTÍN REGIDOR', ' ', 'SOLICITUD DE CONVALIDACIÓN MÓDULO EIE DE CFGS- DAW', '', ' '),
(75, '17/9/2020 0:00:00', 3, ' ', 1, ' ', 'ALBERTO SÁNCHEZ DE LA NIETA PÉREZ', ' ', 'SOLICITUD DE CONVALIDACIÓN MÓDULO EIE DE CFGS- DAW', '', ' '),
(76, '17/9/2020 0:00:00', 3, ' ', 1, ' ', 'SEMINARIO MENOR AGUSTINIANO', ' ', 'OFICIO SOLICITANDO DOCUMENTACIÓN ACADÉMICA DE SARA DOMARCO PÉREZ', '', ' '),
(77, '18/9/2020 0:00:00', 3, ' ', 1, ' ', 'LUCAS SALO CARIILLO', ' ', 'SOLICITUD DE CONVALIDACIÓN MÓDULO EIE DE CFGS- DAW', '', ' '),
(78, '22/9/2020 0:00:00', 3, ' ', 1, ' ', 'JUAN IGNACIO HERNÁNDEZ GARCÍA', ' ', 'SOLICITUD DE CONVALIDACIÓN MÓDULO EIE DE CFGS-ASIR', '', ' '),
(79, '23/9/2020 0:00:00', 3, ' ', 1, ' ', 'IRENE PALOMARES CANALES', ' ', 'SOLICITUD CONVALIDACIÓN VARIOS MÓDULOS CFGS-DAW', '', ' '),
(80, '23/9/2020 0:00:00', 3, ' ', 1, ' ', 'MIGUEL SOLDEVILLA JIMÉNEZ', ' ', 'SOLICITUD CONVALIDACIÓN MÓDULO EIE. CFGS-DAW', '', ' '),
(81, '23/9/2020 0:00:00', 3, ' ', 1, ' ', 'DANIEL BENÍTEZ ABELLÁN', ' ', 'SOLICITUD CONVALIDACIÓN MÓDULO EIE. CFGS-DAW', '', ' '),
(82, '24/9/2020 0:00:00', 3, ' ', 1, ' ', 'PABLO LAGUNA GUIZMÁN', ' ', 'SOLICITUD CONVALIDACIÓN MÓDULO FOL-CFGS-ASIR', '', ' '),
(83, '24/9/2020 0:00:00', 3, ' ', 1, ' ', 'LORENZO ALPE CEREZO', ' ', 'SOLICITUD CONVALIDACIÓN MÓDULOS FOL, INGLÉS. CFGS-ASIR', '', ' '),
(84, '24/9/2020 0:00:00', 3, ' ', 1, ' ', 'ALIN IOAN CHELEMEN', ' ', 'SOLICITUD CONVALIDACIÓN MÓDULO FOL, INGLÉS. CFGS-ASIR', '', ' '),
(85, '24/9/2020 0:00:00', 3, ' ', 1, ' ', 'ANDRIY BROKO', ' ', 'SOLICITUD CONVALIDACIÓN MÓDULO FOL, LENGUAJE DE MARCAS. CFGS-ASIR', '24/9/2020 0:00:00', 'MODIFICAR'),
(86, '24/9/2020 0:00:00', 3, ' ', 1, ' ', 'EDUARD GOMÁ BAIGORRI', ' ', 'SOLICITUD CONVALIDACIÓN MÓDULO EIE. CFGS-ASIR', '', ' '),
(87, '24/9/2020 0:00:00', 3, ' ', 1, ' ', 'ÁNGEL LÓPEZ PALACIOS', ' ', 'SOLICITUD CONVALIDACIÓN VARIOS  MÓDULOS. CFGS-DAW', '', ' '),
(88, '24/9/2020 0:00:00', 3, ' ', 1, ' ', 'SERGIO DE SAN CLEMENTE MUŃOZ', ' ', 'SOLICITUD CONVALIDACIÓN EIE DEL CFGS \"ASIR\"', '', ' '),
(89, '24/9/2020 0:00:00', 3, ' ', 1, ' ', 'LAURA IZQUIERDO TORRONTERA', ' ', 'SOLICITUD CONVALIDACIÓN CFGS \"ASIR\" DE EIE', '', ' '),
(90, '25/9/2020 0:00:00', 3, ' ', 1, ' ', 'IKER ÁLVAREZ TURIEL', ' ', 'SOLICITUD CONVALIDACIÓN MÓDULO FOL.CFGS-DAW', '', ' '),
(91, '25/9/2020 0:00:00', 3, ' ', 1, ' ', 'ADÁN BENJAMÍN CALÍN', ' ', 'SOLICITUD CONVALIDACIÓN MÓDULO FOL.CFGS-DAW.', '', ' '),
(92, '25/9/2020 0:00:00', 3, ' ', 1, ' ', 'ANAHI GRIERSON SOBRINO', ' ', 'RENUNCIA A CONVOCATORIA DE FCT Y PROYECTO.CFGS-ASIR.', '14/10/2020 0:00:00', 'MODIFICAR'),
(93, '25/9/2020 0:00:00', 3, ' ', 1, ' ', 'RUBÉN IGLESIAS GARCÍA', ' ', 'SOLICITUD CONVALIDACIÓN MÓDULO FOL.CFGS-ASIR', '', ' '),
(94, '25/9/2020 0:00:00', 3, ' ', 1, ' ', 'DANIEL AMORES MARTÍN', ' ', 'SOLICITUD CONVALIDACIÓN MÓDULO FOL.CFGS-ASIR', '', ' '),
(95, '25/9/2020 0:00:00', 3, ' ', 1, ' ', 'ADRIÁN VAQUERIZO LÓPEZ', ' ', 'SOLICITUD CONVALIDACIÓN MÓDULO EIE. CFGS-DAW', '', ' '),
(96, '25/9/2020 0:00:00', 3, ' ', 1, ' ', 'JAVIER PARDO SOLÉ', ' ', 'SOLICITUD CONVALIDACIÓN MÓDULO EIE.CFGS-ASIR', '', ' '),
(97, '25/9/2020 0:00:00', 3, ' ', 1, ' ', 'ÁLVARO SÁNCHEZ CALERO', ' ', 'SOLICITUD CONVALIDACIÓN MÓDULO EIE.CFGS-ASIR', '', ' '),
(98, '25/9/2020 0:00:00', 3, ' ', 1, ' ', 'ÁLVARO ALBA ESCRIBANO', ' ', 'SOLICITUD CONVALIDACIÓN VARIOS MÓDULO DE CFGS-DAW', '', ' '),
(99, '25/9/2020 0:00:00', 3, ' ', 1, ' ', 'SERGIO BUENO VAQUERIZO', ' ', 'SOLICITUD CONVALIDACIÓN MÓDULO FOL.CFGS-ASIR', '', ' '),
(100, '28/9/2020 0:00:00', 3, ' ', 1, ' ', 'CEIP VIRGEN DE LA SOLEDAD', ' ', 'DOCUMENTACIÓN COMPLEMEENTARIA DE VARIOS ALUMNOS DE 1Ş ESO', '', ' '),
(101, '29/9/2020 0:00:00', 3, ' ', 1, ' ', 'JAVIER BÚRDALO FERNÁNDEZ', ' ', 'SOLICITUD DE ANULACIÓN MATRÍCULA CFGM DE SAMUEL BÚRDALO MUŃOZ.', '', ' '),
(102, '29/9/2020 0:00:00', 3, ' ', 1, ' ', 'MARIANO MESANA MONTENEGRO', ' ', 'SOLICITUD CONVALIDACIÓN VARIOS MÓDULOS DE CFGS-DAW', '', ' '),
(103, '29/9/2020 0:00:00', 3, ' ', 1, ' ', 'HUGO FERNÁNDEZ SANTOS', ' ', 'SOLICITUD CONVALIDACIÓN MÓDULO EIE- CFGS-DAW', '', ' '),
(104, '29/9/2020 0:00:00', 3, ' ', 1, ' ', 'JAIME MORALES VÁZQUEZ', ' ', 'SOLICITUD CONVALIDACIÓN 2Ş CFGS (ASIR)-EIE', '', ' '),
(105, '29/9/2020 0:00:00', 3, ' ', 1, ' ', 'CARLOS CALVO ROJO', ' ', 'SOLICITUD CONVALIDACIÓN CFGS (1ŞDAW)- FOL E INGLÉS', '', ' '),
(106, '29/9/2020 0:00:00', 3, ' ', 1, ' ', 'JUAN CARLOS PERONA MARTÍN', ' ', 'SOLICITUD CONVALIDACIÓN CFGS (2ŞASIR) -EIE', '', ' '),
(107, '29/9/2020 0:00:00', 3, ' ', 1, ' ', 'COLEGIO LA PRESENTACIÓN DE NTRA SRA', ' ', 'DOCUMENTACIÓN ACADÉMICA DE JON ANDER HERNÁNDEZ ALONSO.', '', ' '),
(108, '29/9/2020 0:00:00', 3, ' ', 1, ' ', 'COLEGIO ÁRULA', ' ', 'OFICIO PIDIENDO DOCUMENTACIÓN ACADÉMICA DE ANA MŞ ALCAZAR BASTOS', '', ' '),
(109, '30/9/2020 0:00:00', 3, ' ', 1, ' ', 'ALBA VALENCIA MORA', ' ', 'SOLICITUD ANULACIÓN MATRÍCULA 1ŞCFGM', '', ' '),
(110, '30/9/2020 0:00:00', 3, ' ', 1, ' ', 'LUIS MGUEL TENDERO FERNÁNDEZ', ' ', 'SOLICITUD CONVALIDACIÓN MÓDULO FOL E INGLÉS- CFGS- ASIR', '', ' '),
(111, '30/9/2020 0:00:00', 3, ' ', 1, ' ', 'HUGO VILLAR CALVO', ' ', 'SOLICITUD CONVALIDACIÓN MÓDULO FOL.CFGS-DAW', '', ' '),
(112, '30/9/2020 0:00:00', 3, ' ', 1, ' ', 'EDUARD FERNADO RADU', ' ', 'SOLICITUD CONVALIDACIÓN MÓDULO FOL.CFGS-DAW', '', ' '),
(113, '30/9/2020 0:00:00', 3, ' ', 1, ' ', 'ALEXIS SÁNCHEZ LEAL', ' ', 'SOLICITUD CONVOCATORIA EXTRAORDINARIA DE 1ŞCFGS \"DAW\" DE ALEXIS SÁNCHEZ LEAL', '1/10/2020 0:00:00', ' MODIFICAR'),
(114, '30/9/2020 0:00:00', 3, ' ', 1, ' ', 'ANTONIO MORENO JIMÉNEZ', ' ', 'SOLICITUD CONVALIDACIÓN 1ŞCFGS \"DAW\" DE FOL', '1/10/2020 0:00:00', ' MODIFICAR'),
(115, '1/10/2020 0:00:00', 3, ' ', 1, ' ', 'ÁLVARO RODRÍGUEZ ROJO', ' ', 'SOLICITUD CONVALIDACIÓN MÓDULO EIE.CFGS-ASIR', '', ' '),
(116, '1/10/2020 0:00:00', 3, ' ', 1, ' ', 'LAURA MARTÍN VICENTE', ' ', 'SOLICITUD CONVALIDACIÓN MÓDULO EIE.CFGS-DAW', '', ' '),
(117, '2/10/2020 0:00:00', 3, ' ', 1, ' ', 'IES LUIS DE GÓNGORA', ' ', 'RDO. DOCUMENTACIÓN ACADÉMICA DE JOSIANE THOMAS CABALLERO CARO', '', ' '),
(118, '2/10/2020 0:00:00', 3, ' ', 1, ' ', 'SANTIAGO CALERO COLLAZOS', ' ', 'SOLICITUD CONVALIDACIÓN VARIOS MÓDULOS CFGS-DAW', '', ' '),
(119, '5/10/2020 0:00:00', 3, ' ', 1, ' ', 'MARCOS BERMUDEZ CHAMORRO', ' ', 'SOLICITUD CONVALIDACIÓN MÓDULO FOL.CFGS-DAW', '', ' '),
(120, '5/10/2020 0:00:00', 3, ' ', 1, ' ', 'BORJA RECIO CAMUŃAS', ' ', 'SOLICITUD CONVALIDACIÓN MÓDULO EIE.CFGS-ASIR', '', ' '),
(121, '5/10/2020 0:00:00', 3, ' ', 1, ' ', 'BORJA RECIO CAMUŃAS', ' ', 'SOLICITUD CONVOCATORIA EXTRAORDINARIA PAR', '', ' '),
(122, '5/10/2020 0:00:00', 3, ' ', 1, ' ', 'SANTIAGO CALEROCOLLAZO', ' ', 'SOLICITUD ANULACIÓN DE MATRICULA 1ŞDAW', '', ' '),
(123, '2022-03-03 09:31:51', 3, ' ', 1, ' ', 'IES SAN JOAQUÍN Y STA ANA', ' ', 'RDO DOCUMENTACIÓN ACADÉMICA DE LUCÍA MARTÍNEZ PALACÍN.', '2022-03-03', ' error'),
(124, '6/10/2020 0:00:00', 3, ' ', 1, ' ', 'ADRIÁN CREVILLEN MARCHANTE', ' ', 'SOLICITUD CONVALIDACIÓN FOL.CFGS-DAW', '', ' '),
(125, '6/10/2020 0:00:00', 3, ' ', 1, ' ', 'JORGE DE LA FUENTE SOLANO', ' ', 'SOLICITUD CONVALIDACIÓN MÓDULO FOL.CFGS-DAW', '', ' '),
(126, '7/10/2020 0:00:00', 3, ' ', 1, ' ', 'PERSONAL', ' ', 'PERMISO POR ASISTENCIA A CURSOS DE FORMACIÓN DE DAVID RODRÍGUEZ GARRIDO.', '', ' '),
(127, '7/10/2020 0:00:00', 3, ' ', 1, ' ', 'MARÍA GARCÍA MARTÍNEZ', ' ', 'SOLICITUD CONVALIDACIÓN FOL.CFGS-DAW', '', ' '),
(128, '7/10/2020 0:00:00', 3, ' ', 1, ' ', 'LUIS RUBIO MARTÍNEZ', ' ', 'SOLICITUD C. EXTRAORDINARIA MÓDULO PROGRAMACIÓN', '', ' '),
(129, '8/10/2020 0:00:00', 3, ' ', 1, ' ', 'PERSONAL', ' ', 'PERMISO DE LACTANCIA DE IRENE SERRANO GARCÍA.', '', ' '),
(130, '8/10/2020 0:00:00', 3, ' ', 1, ' ', 'PERSONAL', '', 'LICENCIA POR ENFERMEDAD DE MŞ ROSA CASTRO MORALES.', '', ' '),
(131, '8/10/2020 0:00:00', 3, ' ', 1, ' ', 'PERSONAL', '', 'PERMISO POR VACACIONES NO DISFRUTADAS DE IRENE SERRANO GARCÍA.', '8/10/2020 0:00:00', ' MODIFICAR'),
(132, '8/10/2020 0:00:00', 3, ' ', 1, ' ', 'PERSONAL', ' ', 'LICENCIA POR MATERNIDAD DE MŞ ROSA CASTRO MORALES.', '', ' '),
(133, '8/10/2020 0:00:00', 3, ' ', 1, ' ', 'PERSONAL', ' ', 'LICENCIA POR MATERNIDAD AMPLIACIÓN DE PERIODO DE IRENE SERRANO GARCÍA.', '', ' '),
(134, '8/10/2020 0:00:00', 3, ' ', 1, ' ', 'ALEJANDRO BARRERA SÁNCHEZ', ' ', 'SOLICITUD CONVALIDACIÓN 1ŞCFGS \"DAW\"-FOL', '', ' '),
(135, '8/10/2020 0:00:00', 3, ' ', 1, ' ', 'ISMAEL TREVIŃO MARTÍNEZ', ' ', 'SOLICITUD CONVALIDACIÓN MÓDULO FOL. CFGS-DAW', '', ' '),
(136, '9/10/2020 0:00:00', 3, ' ', 1, ' ', 'SANA RAHOUI', ' ', 'SOLICITUD CONVALIDACIÓN FOL. CFGS- DAW MODULAR PRESECIAL,', '', ' '),
(137, '9/10/2020 0:00:00', 3, ' ', 1, ' ', 'IES GABRIEL GARCÍA MARQUEZ', ' ', 'RDO DOCUMENTACIÓN ACADÉMICA DE ALEJANDRA SÁNCHEZ CÁRDENAS.', '', ' '),
(138, '13/10/2020 0:00:00', 3, ' ', 1, ' ', 'JOSÉ ALESSANDRO ÁLVAREZ ELVIL', ' ', 'SOLICITUD CONVALIDACIÓN MÓDULO FOL.CFGS-DAW', '', ' '),
(139, '13/10/2020 0:00:00', 3, ' ', 1, ' ', 'ROBERTO BERMEJO MATILLAS', ' ', 'SOLICITUD COVALIDACIÓN FOL.CFGS-DAW', '', ' '),
(140, '13/10/2020 0:00:00', 3, ' ', 1, ' ', 'PERSONAL', ' ', 'LICENCIA POR ENFERMEDAD DE PILAR VILLAVERDE CASALENGUA.', '', ' '),
(141, '13/10/2020 0:00:00', 3, ' ', 1, ' ', 'PERSONAL', ' ', 'LICENCIA POR ENFERMEDAD DE DOLORES LÓPEZ PETIDIER.', '13/10/2020 0:00:00', ' MODIFICAR'),
(142, '13/10/2020 0:00:00', 3, ' ', 1, ' ', 'MARTA LÓPEZ GARCIA', ' ', 'SOLICITUR CONVALIDACIÓN EIE.DAW E-LEARNING', '', ' '),
(143, '13/10/2020 0:00:00', 3, ' ', 1, ' ', 'JAVIER UGARRIO DURO', ' ', 'SOLICITUD CONVALIDACIÓN FOL E IAE.DAW', '13/10/2020 0:00:00', 'MODIFICAR'),
(144, '13/10/2020 0:00:00', 3, ' ', 1, ' ', 'SERVICIO DE PLANIFICACIÓN', ' ', 'RESOLUCIÓN IMPLEMENTACIÓN DE MEDIDAS ORGANIZATIVAS ,CURSO 2020/2021', '', ' '),
(145, '14/10/2020 0:00:00', 3, ' ', 1, ' ', 'IES MIGUEL DELIBES', ' ', 'RDO DOCUMENTACIÓN ACADÉMICA DE DANIEL DUCE IDARRAGA', '', ' '),
(146, '14/10/2020 0:00:00', 3, ' ', 1, ' ', 'PERSONAL', ' ', 'PERMISO DE LACTANCIA DE MŞ ROSA CASTRO MORALES', '', ' '),
(147, '14/10/2020 0:00:00', 3, ' ', 1, ' ', 'JOSUE F. MORENO COTRINA', ' ', 'SOLICITUD CONVALIDACIÓN FOL E INGLÉS. DAW', '', ' '),
(148, '14/10/2020 0:00:00', 3, ' ', 1, ' ', 'TANIA VELASCO CARVAJAL', ' ', 'SOLICITUD CONVALIDACIÓN EIE. DAW E-LEARNIG', '', ' '),
(149, '14/10/2020 0:00:00', 3, ' ', 1, ' ', 'ÓSCAR ALONSO TERROBA', ' ', 'SOLICITUD CONVALIDACIÓN FOL. DAW E-LEARNIG', '', ' '),
(150, '14/10/2020 0:00:00', 3, ' ', 1, ' ', 'MIRIAM ZAMBRANA PÉREZ', ' ', 'SOLICITUD CONVALIDACIÓN EIE. DAW E-LEARNIG', '14/10/2020 0:00:00', ' MODIFICAR'),
(151, '14/10/2020 0:00:00', 3, ' ', 1, ' ', 'MANUEL ALEJANDRO ABREUT RODRÍGUEZ', ' ', 'SOLICITUD CONVALIDACIÓN FOL E INGLÉS TÉCNICO. DAW E-LEARNIG', '', ' '),
(152, '14/10/2020 0:00:00', 3, ' ', 1, ' ', 'BEATRIZ LÓPEZ GIL', ' ', 'SOLICITUD CONVALIDACIÓN FOL E INGLÉS. DAW E-LEARNIG', '14/10/2020 0:00:00', 'MODIFICAR'),
(153, '14/10/2020 0:00:00', 3, ' ', 1, ' ', 'IVÁN DE LA CRUZ VELASCO', ' ', 'SOLICITUD CONVALIDACIÓN FOL. DAW E-LEARNIG', '14/10/2020 0:00:00', ' MODIFICAR'),
(154, '14/10/2020 0:00:00', 3, ' ', 1, ' ', 'JOSÉ RUBÉN DEL CASTILLO PRIETO', ' ', 'SOLICITUD CONVALIDACIÓN VARIOS MÓDULOS. DAW E-LEARNIG', '14/10/2020 0:00:00', 'MODIFICAR'),
(155, '14/10/2020 0:00:00', 3, ' ', 1, ' ', 'JOSÉ RUBEN DEL CASTILLO PRIETO', ' ', 'SOLICITUD CONVALIDACIÓN VARIOS MÓDULOS. DAW E-LEARNIG', '14/10/2020 0:00:00', 'MODIFICAR'),
(156, '14/10/2020 0:00:00', 3, ' ', 1, ' ', 'JESÚS GÓNZALES LINOS', ' ', 'SOLICITUD CONVALIDACIÓN FOL  E INGLÉS TÉCNICO. DAW E-LEARNIG', '', ' '),
(157, '14/10/2020 0:00:00', 3, ' ', 1, ' ', 'THOR MARTÍNEZ GONZÁLEZ', ' ', 'SOLICITUD CONVALIDACIÓN FOL. DAW E-LEARNIG', '', ' '),
(158, '14/10/2020 0:00:00', 3, ' ', 1, ' ', 'MIRIAM MARTÍN GARAGORRI', ' ', 'SOLICITUD CONVALIDACIÓN FOL. DAW E-LEARNIG', '', ' '),
(159, '14/10/2020 0:00:00', 3, ' ', 1, ' ', 'VIRGINIA DELGADO  BARRIO', ' ', 'SOLICITUD CONVALIDACIÓN FOL. DAW E-LEARNIG', '', ' '),
(160, '14/10/2020 0:00:00', 3, ' ', 1, ' ', 'NATALIA HERNANDO GUTIÉRREZ', ' ', 'SOLICITUD CONVALIDACIÓN FOL. DAW E-LEARNIG', '', ' '),
(161, '14/10/2020 0:00:00', 3, ' ', 1, ' ', 'ALEXIX PERACHO ALCAZAR', ' ', 'SOLICITUD CONVALIDACIÓN FOL E INGLÉS TÉCNICO. DAW E-LEARNIG', '', ' '),
(162, '14/10/2020 0:00:00', 3, ' ', 1, ' ', 'JOSÉ LUIS MARTÍNEZ CAMPOS', ' ', 'SOLICITUD CONVALIDACIÓN EIE, FOL E INGLÉS TÉCNICO. DAW E-LEARNIG', '', ' '),
(163, '14/10/2020 0:00:00', 3, ' ', 1, ' ', 'ALEJANDRA COBREROS RAMIREZ', ' ', 'SOLICITUD CONVALIDACIÓN EIE. DAW E-LEARNIG', '15/10/2020 0:00:00', ' MODIFICAR'),
(164, '14/10/2020 0:00:00', 3, ' ', 1, ' ', 'LAURA HERRERO ACOSTA', ' ', 'SOLICITUD CONVALIDACIÓN FOL E INGLÉS TÉCNICO. DAW E-LEARNIG', '', ' '),
(165, '15/10/2020 0:00:00', 3, ' ', 1, ' ', 'NICOLÁS MORENO PÉREZ', ' ', 'SOLICITUD CONVALIDACIÓN EIE. DAW E-LEARNING', '', ' '),
(166, '15/10/2020 0:00:00', 3, ' ', 1, ' ', 'MANUEL BORRERO MUŃOZ', ' ', 'SOLICITUD CONVALIDACIÓN FOL .DAW E-LEARNIG', '', ' '),
(167, '15/10/2020 0:00:00', 3, ' ', 1, ' ', 'ERNY ISAMEL PÉREZ FLETE', ' ', 'SOLICITUD CONVALIDACIÓN DE VARIOS MÓDULOS. DAW E-LEARNIG', '', ' '),
(168, '15/10/2020 0:00:00', 3, ' ', 1, ' ', 'JAVIER PELÁEZ MANCEBO', ' ', 'SOLICITUD CONVALIDACIÓN FOL E INGLÉS TÉCNICO. DAW E-LEARNIG', '9/11/2020 0:00:00', 'MODIFICAR'),
(169, '15/10/2020 0:00:00', 3, ' ', 1, ' ', 'TOMÁS MANUEL PEDRERO VIDAL', ' ', 'SOLICITUD CONVALIDACIÓN EIE. DAW E-LEARNIG', '', ' '),
(170, '15/10/2020 0:00:00', 3, ' ', 1, ' ', 'DANIEL REVENGA GARCÍA', ' ', 'SOLICITUD CONVALIDACIÓN EIE. DAW E-LEARNIG', '', ' '),
(171, '15/10/2020 0:00:00', 3, ' ', 1, ' ', 'MŞ PILAR ESTEBAN SANCHEZ-SECO', ' ', 'SOLICITUD CONVALIDACIÓN VARIOS MÓDULOS. DAW E-LEARNIG', '', ' '),
(172, '15/10/2020 0:00:00', 3, ' ', 1, ' ', 'PATRICIA ELOISA FIALLOS VILLAMAR', ' ', 'SOLICITUD CONVALIDACIÓN FOL . DAW E-LEARNIG', '', ' '),
(173, '15/10/2020 0:00:00', 3, ' ', 1, ' ', 'JOSÉ MIGUEL SÁNCHEZ BENÍTEZ', ' ', 'SOLICITUD CONVALIDACIÓN FOL . DAW E-LEARNIG', '', ' '),
(174, '15/10/2020 0:00:00', 1, ' ', 1, ' ', 'JUAN RAMÓN CASTAŃO VILLACIEROS', ' ', 'SOLICITUD CONVALIDACIÓN VARIOS MÓDULOS. DAW E-LEARNIG', '', ' '),
(175, '15/10/2020 0:00:00', 3, ' ', 1, ' ', 'MARYNA KOZUB', ' ', 'SOLICITUD CONVALIDACIÓN FOL Y EIE. DAW E-LEARNIG', '', ' '),
(176, '15/10/2020 0:00:00', 3, ' ', 1, ' ', 'ALEJANDRO CHIVITE YAKUSKIN', ' ', 'SOLICITUD CONVALIDACIÓN EIE. DAW E-LEARNIG', '', ' '),
(177, '15/10/2020 0:00:00', 3, ' ', 1, ' ', 'ISABEL MARTÍNEZ RUBIO', ' ', 'SOLICITUD CONVALIDACIÓN FOL Y EIE. DAW E-LEARNIG', '', ' '),
(178, '16/10/2020 0:00:00', 3, ' ', 1, ' ', 'BEATRIZ HERNANDO CHORNET', ' ', 'SOLICITUD CONVALIDACIÓN EIE.DAW E-LEARNING', '', ' '),
(179, '16/10/2020 0:00:00', 3, ' ', 1, ' ', 'LAURA ALEJANDRE MARTÍNEZ', ' ', 'SOLICITUD CONVALIDACIÓN FOL.DAW E-LEARNING', '', ' '),
(180, '16/10/2020 0:00:00', 3, ' ', 1, ' ', 'JAIME PORTAL RODRIGUEZ', ' ', 'SOLICITUD ANULACIÓN MATRÍCULA 1Ş DAW.', '', ' '),
(181, '16/10/2020 0:00:00', 3, ' ', 1, ' ', 'PERSONAL', ' ', 'LICENCIA POR ENFERMEDAD DE MŞ ASCENSIÓN MINGUIJÓN HERNÁNDEZ', '', ' '),
(182, '16/10/2020 0:00:00', 3, ' ', 1, ' ', 'MICAELA LESCANO CORREA', ' ', 'CONVALIDACIÓN DAW (INGLÉS)', '', ' '),
(183, '19/10/2020 0:00:00', 3, ' ', 1, ' ', 'SEEMINARIO MENOR AGUSTINIAGO', ' ', 'OFICIO SOLICITANDO DOCUMENTACIÓN ACADÉMICA DE SARA DOMARCO PÉREZ', '', ' '),
(184, '19/10/2020 0:00:00', 3, ' ', 1, ' ', 'ABEL DÍAZ ANTÓN', ' ', 'CONVALIDACIÓN 1ŞASIR (FOL)', '', ' '),
(185, '19/10/2020 0:00:00', 3, ' ', 1, ' ', 'CARLOS TRALLERO JIMÉNEZ', ' ', 'SOLICITUD CONVALIDACIÓN INGLÉS Y FOL', '', ' '),
(186, '20/10/2020 0:00:00', 3, ' ', 1, ' ', 'REUBÉN RUIZ CUEVAS', ' ', 'SOLICITUD CONVALIDACIÓN FOL E INGLÉS TÉCNICO.DAWE', '', ' '),
(187, '20/10/2020 0:00:00', 3, ' ', 1, ' ', 'DAVID LARA SÁNCHEZ', ' ', 'SOLICITUD DE BAJA EN EL CENTRO DE EDUARDO LARA FLORENZA.', '', ' '),
(188, '20/10/2020 0:00:00', 3, ' ', 1, ' ', 'D. P BIENESTAR SOCIAL', ' ', 'OFICIO SOLICITANDO INFORMES DE  ANA ISABEL DORADO NÁJERA', '', ' '),
(189, '20/10/2020 0:00:00', 3, ' ', 1, ' ', 'IES \"EIJO Y GARAY (MADRID)', ' ', 'HISTORIAL ACADÉMICO DE MICHELL OREANA LARA ZABALA', '', ' '),
(190, '21/10/2020 0:00:00', 3, ' ', 1, ' ', 'PABLO MUŃOZ SÁNCHEZ', ' ', 'SOLICITUD CONVALIDACIÓN VARIOS MÓDULOS DE DAW E-LEARNING', '21/10/2020 0:00:00', ' MODIFICAR'),
(191, '21/10/2020 0:00:00', 3, ' ', 1, ' ', 'SANA RAHOUI', ' ', 'BAJA DEL CFGS \"DAW-D\"', '', ' '),
(192, '21/10/2020 0:00:00', 3, ' ', 1, ' ', 'CEIP ANA MŞ MATUTE', ' ', 'RDO. DOCUMENTACIÓN ACADÉMICA EMMA SÁNCHEZ DOMÍNGUEZ.', '', ' '),
(193, '21/10/2020 0:00:00', 3, ' ', 1, ' ', 'IES NUTRA SRA DE LA ALMUDENA', ' ', 'RDO. DOCUMENTACIÓN ACADÉMICA DE DAYA CONCEPCIÓN SEGURA ESQUÉN', '', ' '),
(194, '22/10/2020 0:00:00', 3, ' ', 1, ' ', 'SERVICIO DE INSPECCIÓN', ' ', 'RESOLUCIÓN AUTORIZANDO LA FCT EN OTRA PROVINCIA A LOS ALUMNOS: JAVIER SANZ ROA Y DIEGO MONJE CARRETERO', '', ' '),
(195, '23/10/2020 0:00:00', 3, ' ', 1, ' ', 'ALEJANDRO GARCÍA ROJAS', ' ', 'SOLICITUD CONVALIDACIÓN VARIOS MÓDULOS DAW E-LEARNING.', '', ' '),
(196, '23/10/2020 0:00:00', 3, ' ', 1, ' ', 'GREGORIO FERNÁNDEZ GALLEGO', ' ', 'SOLICITUD ANULACIÓN MATRICULA DEL MÓDULO LENGUAJE DE MARCAS Y SISTEMAS DE GESTIÓ E INFORMACIÓN- DAWE', '', ' '),
(197, '23/10/2020 0:00:00', 3, ' ', 1, ' ', 'DOMINGO SÍAZ RAMOS', ' ', 'SOLICITUD DE CONVALIDACIÓN VARIOS MÓDULOS DE DAW E-LEARNING.', '', ' '),
(198, '23/10/2020 0:00:00', 3, ' ', 1, ' ', 'DAVID LÁZARO MOYA', ' ', 'SOLICITUD DE EXENCIÓN MÓDULO FCT, CF-DAW', '', ' '),
(199, '23/10/2020 0:00:00', 3, ' ', 1, ' ', 'DAVID LÓPEZ SANTOS', ' ', 'SOLICITUD DE EXENCIÓN DEL MÓDULO DE FCT.', '', ' '),
(200, '26/10/2020 0:00:00', 3, ' ', 1, ' ', 'ANDRÉS CABRERA CHOCLÁN', ' ', 'SOLICITUD DE CONVALIDACIÓN MÓDULO FOL.DAW E-LEARNING', '', ' '),
(201, '26/10/2020 0:00:00', 3, ' ', 1, ' ', 'ANGEL MAYORAL TORO', ' ', 'SOLICITUD SIMULTANEIDAD PARA CFGS \"ASIR\"', '', ' '),
(202, '26/10/2020 0:00:00', 3, ' ', 1, ' ', 'ANGEL MAYORAL TORO', ' ', 'CONVALIDACIÓN CFGS \"ASIR\"- EIE', '', ' '),
(203, '26/10/2020 0:00:00', 3, ' ', 1, ' ', 'IES VILLAREJO DE SALVANÉS', ' ', 'OFICIO SOLICITANDO DOCUMENTACIÓN ACADÉMICA DE JORGE MERO AYUSO.', '', ' '),
(204, '26/10/2020 0:00:00', 3, ' ', 1, ' ', 'PERSONAL', ' ', 'LICENCIA POR EMFERMEDAD DE BEGOŃA JIMÉNEZ VILLANUEVA.', '', ' '),
(205, '27/10/2020 0:00:00', 3, ' ', 1, ' ', 'EMILIO VALLEJO JIMÉNNEZ', ' ', 'SOLICITUD CONVALIDACIÓN EIE.DAW E-LEARNING', '', ' '),
(206, '27/10/2020 0:00:00', 3, ' ', 1, ' ', 'JORGE ROMERO MARTÍNEZ', ' ', 'SOLICITUD CONVALIDACIÓN DAW- FOL E INGLÉS', '', ' '),
(207, '27/10/2020 0:00:00', 3, ' ', 1, ' ', 'AARÓN MORENO ARIAS', ' ', 'SOLICITD CONVALIDACIÓN FOL. ASIR', '', ' '),
(208, '27/10/2020 0:00:00', 3, ' ', 1, ' ', 'DIRECCIÓN PROV. EDUCACIÓN (GU)-SERVICIO PERSONAL', ' ', 'LICENCIA POR ENFERMEDAD DE PEDRO JOSÉ MARTÍNEZ MARTÍNEZ (INFORMÁTICA)', '27/10/2020 0:00:00', 'MODIFIACIÓN'),
(209, '27/10/2020 0:00:00', 3, ' ', 1, ' ', 'DIRECCIÓN PROV. EDUCACIÓN (GU)- SERVICIO PERSONAL', ' ', 'LICENCIA POR ENFERMEDAD DE MARINA FERRER GUARDIOLA (ECONOMÍA)', '', ' '),
(210, '28/10/2020 0:00:00', 3, ' ', 1, ' ', 'HUGO BALLESTEROS BECERRA', ' ', 'SOLICITUD ANULACIÓN MATRÍCULA DAW E-LEARNING', '', ' '),
(211, '28/10/2020 0:00:00', 3, ' ', 1, ' ', 'CONSEJRIA DE EDUCACIÓN-INSPECTORA GRAL EDUCACIÓN', ' ', 'RESLUCIÓN PREMIO EXTRAORDINARIO DE BACHILLERATO CONCEDIDO A ÁNGELA SERRANO YUSTE', '', ' '),
(212, '28/10/2020 0:00:00', 3, ' ', 1, ' ', 'GIOVANNY SALVATORE DARBISI AGUILERA', ' ', 'SOLICITUD EXENCIÓN MÓDULO FCT DE CFGS \"ASIR\"', '', ' '),
(213, '29/10/2020 0:00:00', 3, ' ', 1, ' ', 'PEDRO RUIZ FERNÁNDEZ', ' ', 'SOLICITUD CONVALIDACIÓN CFGS \"ASIR\" - INGLÉS , FOL', '', ' '),
(214, '29/10/2020 0:00:00', 3, ' ', 1, ' ', 'CIRSTINA ACEDO FERNÁNDEZ', ' ', 'SOLICITUD CONVALIDACIÓN FOL.DAW E-LEARNING', '', ' '),
(215, '30/10/2020 0:00:00', 3, ' ', 1, ' ', 'ADRÍAN MARTÍNEZ MÓNICO', ' ', 'SOLICITUD ANULACIÓN MATRÍCULA ASIR', '30/10/2020 0:00:00', 'MODIFICAR'),
(216, '30/10/2020 0:00:00', 3, ' ', 1, ' ', 'SERVICIO DE INSPECCIÓN', ' ', 'RESOLUCÍÓN AUTORIZANDO EL MÓDULO DE FCT EN OTRA PROVINCIA DE VARIO SALUMNOS DE DAW', '', ' '),
(217, '30/10/2020 0:00:00', 3, ' ', 1, ' ', 'PERSONAL', ' ', 'LICENCIA POR ENFERMEDAD DE LOURDES NAVAS GÁMEZ', '', ' '),
(218, '30/10/2020 0:00:00', 3, ' ', 1, ' ', 'PERSONAL', ' ', 'LICENCIA POR ENFERMEDAD DE BELÉN BESTEIRO MARTÍNEZ.', '', ' '),
(219, '30/10/2020 0:00:00', 3, ' ', 1, ' ', 'PERSONAL', ' ', 'LICENCIA POR MATERNIDAD DE BELÉN BESTEIRO MARTÍNEZ', '', ' '),
(220, '30/10/2020 0:00:00', 3, ' ', 1, ' ', 'PERSONAL', ' ', 'PERMISO POR LACTANCIA ACUMULADA DE BELÉN BESTEIRO MARTÍNEZ.', '', ' '),
(221, '30/10/2020 0:00:00', 3, ' ', 1, ' ', 'IES ANTONIO MACHADO (ALCALÁ DE HENARES)', ' ', 'HISTORIAL ACADÉMICO DE IULIAN SEBASTIÁN HALIP', '', ' '),
(222, '2/11/2020 0:00:00', 3, ' ', 1, ' ', 'RUBÉN GARÍA FUERTES', ' ', 'SOLICITUD BAJA EN EL CENTRO DE EDUARDO HARCÍA URBANEJA.', '', ' '),
(223, '2/11/2020 0:00:00', 3, ' ', 1, ' ', 'MŞ JOSÉ RODRÍGUEZ MARÍN', ' ', 'CANDIDATURA PARA MIEMBRO COMO MADRE DEL CONSEJO ESCOLAR', '', ' '),
(224, '3/11/2020 0:00:00', 3, ' ', 1, ' ', 'DANIEL PATRÓN GÓMEZ', ' ', 'SOLICITUD CONVALIDACIÓN E-LEARNING DAW- EIE Y FOL', '', ' '),
(225, '3/11/2020 0:00:00', 3, ' ', 1, ' ', 'IES A. BUERO VALLEJO', ' ', 'OFICIO SOLICITANDO DOCUMENTACIÓN ACADÉMICA DE KELY MARÍA GUZMÁN AYBAR', '', ' '),
(226, '3/11/2020 0:00:00', 3, ' ', 1, ' ', 'PERSONAL', ' ', 'LICENCIA POR ENFERMEDAD DE DANIEL VIANA TEJEDOR.', '', ' '),
(227, '3/11/2020 0:00:00', 3, ' ', 1, ' ', 'KARINA ELIZABET BARRETO VERA', ' ', 'SOLICITUD CONVALIDACIÓN  VARIO SMÓDULOS. DAW E-LEARNING.', '', ' '),
(228, '3/11/2020 0:00:00', 3, ' ', 1, ' ', 'MILENA STOYCHEVA STOYKOVA', ' ', 'SOLICITUD CONVALIDACIÓN EIE (DAW E-LEARNING)', '', ' '),
(229, '3/11/2020 0:00:00', 3, ' ', 1, ' ', 'PERSONAL SECUNDARIA', ' ', 'RDO TOMA DE POSESIÓN Y CESES VARIOS PROFESORES.', '', ' '),
(230, '4/11/2020 0:00:00', 3, ' ', 1, ' ', 'JAVIER UGARRIO DURO', ' ', 'SOLICITUD ANULACIÓN MATRICULA EN EL MÓDULO  DWES (DAW E-LEARNING)', '', ' '),
(231, '5/11/2020 0:00:00', 3, ' ', 1, ' ', 'JAVIER GONZÁLEZ MOYA', ' ', 'SOLICITUD EXENCIÓN FCT', '', ' '),
(232, '6/11/2020 0:00:00', 3, ' ', 1, ' ', 'PABLO FERNÁNDEZ SÁNCHEZ', ' ', 'SOLICITUD CONVALIDACIÓN FOL Y EIE (DAW E-LEARNING)', '', ' '),
(233, '6/11/2020 0:00:00', 3, ' ', 1, ' ', 'DIEGO AGUDO DE LEÓN', ' ', 'SOLICITUD CONVALIDACIÓN FOL Y EIE (DAW E-LEARNING)', '', ' '),
(234, '6/11/2020 0:00:00', 3, ' ', 1, ' ', 'IES VALLE INCLÁN', ' ', 'RDO DOCUMENTACIÓN ACADÉMICA DE AINHOA ELVIRA OLIVO', '', ' '),
(235, '9/11/2020 0:00:00', 3, ' ', 1, ' ', 'BEGOŃA VÁZQUEZ PARIENTE', ' ', 'PRESENTACIÓN CANDIDATURA AL CONSEJO ESCOLAR (PROFESORES)', '', ' '),
(236, '9/11/2020 0:00:00', 3, ' ', 1, ' ', 'THOR MARTÍNEZ GONZÁLEZ', ' ', 'SOLICITUD ANULACIÓN MATRÍCULA DAW E-LEARNING', '', ' '),
(237, '9/11/2020 0:00:00', 3, ' ', 1, ' ', 'JUAN ANTONIO GARCÍA CHICO', ' ', 'SOLICITUD CONVALIDACIÓN FOL Y EIE (DAW E-LEARNING)', '', ' '),
(238, '9/11/2020 0:00:00', 3, ' ', 1, ' ', 'ALBA EGEA POVEDA', ' ', 'CANDIDATURA CONSEJO ESCOLAR ALUMNOS.', '', ' '),
(239, '9/11/2020 0:00:00', 3, ' ', 1, ' ', 'DANIELLA CORDERO SÁNCHEZ', ' ', 'CANDIDATURA CONSEJO ESCOLAR ALUMNOS.', '', ' '),
(240, '9/11/2020 0:00:00', 3, ' ', 1, ' ', 'NICOLÁS MORENO OLIVA', ' ', 'CANDIDATURA CONSEJO ESCOLAR ALUMNOS', '', ' '),
(241, '9/11/2020 0:00:00', 3, ' ', 1, ' ', 'RUBÉN LEGANÉS ÁLVAREZ', ' ', 'CANDIDATURA CONSEJO ESCOLAR ALUMNOS', '', ' '),
(242, '9/11/2020 0:00:00', 3, ' ', 1, ' ', 'DAVID RODRÍGUEZ GARRIDO', ' ', 'CANDIDATURA CONSEJO ESCOLAR PROFES (DAVID RODRÍGUEZ GARRIDO)', '', ' '),
(243, '9/11/2020 0:00:00', 3, ' ', 1, ' ', 'RUTH RAMOS PERIAŃEZ', ' ', 'CANDIDATURA CONSEJO ESCOLAR ALUMNOS', '', ' '),
(244, '9/11/2020 0:00:00', 3, ' ', 1, ' ', 'JIAYI MA', ' ', 'CANDIDATURA CONSEJO ESCOLAR ALUMNOS', '', ' '),
(245, '9/11/2020 0:00:00', 3, ' ', 1, ' ', 'JAWAD AHARRAR EL YAKOBI', ' ', 'CANDIDATURA CONSEJO ESCOLAR ALUMNOS', '', ' '),
(246, '9/11/2020 0:00:00', 3, ' ', 1, ' ', 'MŞ BELÉN REBOLLO VIORQUE', ' ', 'CANDIDATURA  CONSEJO ESCOLAR PROFESORES.', '', ' '),
(247, '9/11/2020 0:00:00', 3, ' ', 1, ' ', 'MARÍA BRIUHUEGA ALCALÁ', ' ', 'CANDIDATURA AL CONSEJO ESCOLAR PROFESORES', '', ' '),
(248, '9/11/2020 0:00:00', 3, ' ', 1, ' ', 'PERSONAL SECUNDARIA', ' ', 'LICENCIA POR ENFERMEDAD DE MŞ SOLEMNIDAD MEDIAVILLA', '', ' '),
(249, '9/11/2020 0:00:00', 3, ' ', 1, ' ', 'VICTORIA ARCHO CHARNECO', ' ', 'CANDIDATURA AL CONSEJO ESCOLAR PADRES.', '', ' '),
(250, '10/11/2020 0:00:00', 3, ' ', 1, ' ', 'SERVICIO DE INSPECCIÓN', ' ', 'INFORME INCORPORACIÓN PMAR DE FELIPE ONDO ABAGA MIKUE.', '', ' '),
(251, '10/11/2020 0:00:00', 3, ' ', 1, ' ', 'IES CONSELLERIA', ' ', 'RDO. DOCUMENTACIÓN ACADÉMICA DE ALEJANDRO LOZANO SEGURA', '', ' '),
(252, '11/11/2020 0:00:00', 3, ' ', 1, ' ', 'DAVID MIGUEL ARENAS', ' ', 'SOLICITUD CONVALIDACIÓN EIE (SMR)', '', ' '),
(253, '16/11/2020 0:00:00', 3, ' ', 1, ' ', 'DANIEL REVENGA GARCÍA', ' ', 'SOLICITUD CONVALIDACIÓN DAW- E-LEARNING (FOL)', '', ' '),
(254, '16/11/2020 0:00:00', 3, ' ', 1, ' ', 'DELEG. PROV. EDUCACIÓN GU (SERVICIO PERSONAL)', ' ', 'TOMA DE POSESIÓN DE DAVID MARTÍN DOMÍNGUEZ - FÍSICA Y QUÍMICA', '', ' '),
(255, '17/11/2020 0:00:00', 3, ' ', 1, ' ', 'RUBÉN RUIZ CUEVAS', ' ', 'SOLICITUD ANULACIÓN MATRÍCULA CFGS E-LEARNING DAW', '', ' '),
(256, '17/11/2020 0:00:00', 3, ' ', 1, ' ', 'DIREC. PROV. EDUC.(SERVICIO PERSONAL)', ' ', 'DILIGENCIAS DE VIDA ADMINISTRATIVAS PROFES (TRIENIOS, ETC…)', '', ' '),
(257, '18/11/2020 0:00:00', 3, ' ', 1, ' ', 'CÉSAR ANTÓN AGUILERA', ' ', 'SOLICITUD CONVALIDACIÓN CFGS (E-LEARNING) DAW- FOL Y EIE', '', ' '),
(258, '18/11/2020 0:00:00', 3, ' ', 1, ' ', 'DIREC. PROV.EDUC. GUADALAJARA, SERVICIO PERSONAL', ' ', 'RESOLUCIÓN TOMA DE POSESIÓN DE MŞ DEL CARMEN PONDE DEL TORO.', '', ' '),
(259, '19/11/2020 0:00:00', 3, ' ', 1, ' ', 'LEONOR FERRERAS CARPINTERO', ' ', 'MATRÍCULA CFGS E-LEARNING DAW', '', ' '),
(260, '19/11/2020 0:00:00', 3, ' ', 1, ' ', 'DIREC. PROV. EDUC. GUADALAJARA (PERSONAL)', ' ', 'LICENCIA POR ENFERMEDAD DE BEATRIZ FERNÁNDEZ LARIOS', '', ' '),
(261, '19/11/2020 0:00:00', 3, ' ', 1, ' ', 'SERVICIO INSPECCIÓN', ' ', 'RESOLUCIÓN FAVORABLE  FCT- CFGS\"DAW\"EN OTRA PROVINCIA', '', ' '),
(262, '19/11/2020 0:00:00', 3, ' ', 1, ' ', 'SERVICIO DE INSPECCIÓN', ' ', 'RESOLUCIÓN FAVORABLE  FCT- CFGS\"ASIR\"EN OTRA PROVINCIA.', '', ' '),
(263, '19/11/2020 0:00:00', 3, ' ', 1, ' ', 'SERVICIO INSPECCIÓN', ' ', 'RESOLUCIÓN FAVORABLE  FCT- CFGM\"SMR\"EN OTRA PROVINCIA', '', ' '),
(264, '20/11/2020 0:00:00', 3, ' ', 1, ' ', 'CARLA BERLANGA CABRERIZO', ' ', 'ANULACIÓN DEL MÓDULO DESARROLLO WEB ENTORNO CLIENTE DE CFGS (E-LEARNING) \"DAW\".', '', ' '),
(265, '23/11/2020 0:00:00', 3, ' ', 1, ' ', 'ELISABET LINDIO GARCÍA', ' ', 'ANULACIÓN DE MATRÍCULA DE ERNESTO ZUŃIGA LINDIO 4ŞESO', '', ' '),
(266, '23/11/2020 0:00:00', 3, ' ', 1, ' ', 'JOSE LUIS CALLEJA GARCÍA', ' ', 'CONVALIDACIÓN FOL-EIE DEL CFGS (E-LEARNING)-DAW', '', ' '),
(267, '23/11/2020 0:00:00', 3, ' ', 1, ' ', 'ALEJANDRO ROMERAL DEL OLMO', ' ', 'ANULACIÓN MÓDULOS ( DWCLIENTE-DAW) DEL CFGS (E-LEARNING)-DAW.', '', ' '),
(268, '23/11/2020 0:00:00', 3, ' ', 1, ' ', 'ÁNGEL DANIEL SUÁREZ CALERO', ' ', 'SOLICITUD ANULACIÓN MÓDULOS DESARROLLO WEB ENTORNO SERVIDOR DEL CFGS (E-LEARNING)-DAW.', '', ' '),
(269, '23/11/2020 0:00:00', 3, ' ', 1, ' ', 'ROBERTO CASADO AMARO', ' ', 'SOLICITUD RENUNCIA CONVOCATORIA DEL MÓDULO SISTEMAS INFORMÁTICOS DEL CFGS (E-LEARNING)-DAW.', '', ' '),
(270, '23/11/2020 0:00:00', 3, ' ', 1, ' ', 'DIREC. PROV. EDUC. (GU)-SERVICIO PERSONAL', ' ', 'LICENCIA ENFERMEDAD DE MŞ ASCENSIÓN MINGUIJÓN HERNÁNDEZ', '', ' '),
(271, '23/11/2020 0:00:00', 3, ' ', 1, ' ', 'DAVID BLÁZQUEZ HINOJAR', ' ', 'ANULACIÓN MATRÍCULA CFGS (E-LEARNING- DAW)', '', ' '),
(272, '24/11/2020 0:00:00', 3, ' ', 1, ' ', 'MAGDALENA CORNELIA CRACESCU', ' ', 'BAJA DE MARIUS PETRU TRINC EN 2Ş ESO-C PARA MATRICULARSE EN 1Ş FPB.', '', ' '),
(273, '25/11/2020 0:00:00', 3, ' ', 1, ' ', 'TAMARA LÓPEZ MACÍAS', ' ', 'ANULACIÓN MATRÍCULA DE 2Ş ESO-F DE EDUARDO CAICEDO LÓPEZ PARA MATRICULARSE EN 1ŞFPB', '', ' '),
(274, '25/11/2020 0:00:00', 3, ' ', 1, ' ', 'MAHFOUD BENZINA', ' ', 'ANULACIÓN MATRÍCULA 1Ş FPB DE SALIMA BENZINA', '25/11/2020 0:00:00', 'MODIFICO'),
(275, '25/11/2020 0:00:00', 3, ' ', 1, ' ', 'IES SERPIS (VALENCIA)', ' ', 'EXPEDIENTE DE ANTHONY PAUL CRUZ GUTIÉRREZ', '', ' '),
(276, '25/11/2020 0:00:00', 3, ' ', 1, ' ', 'DIREC. PROV. EDUC. GUADALAJARA (SERV. PERSONAL)', ' ', 'LICENCIA POR ENFERMEDAD DE MŞ DEL MAR PÉREZ ROPERO', '', ' '),
(277, '26/11/2020 0:00:00', 3, ' ', 1, ' ', 'LESLEY TATIANA GUTIÉRREZ', ' ', 'SOLICITUD CONVALIDACIÓN DEL CFGS \"DAW\" MÓDULO FOL', '', ' '),
(278, '27/11/2020 0:00:00', 3, ' ', 1, ' ', 'PABLO ÁLVAREZ GONZÁLEZ', ' ', 'SOLICITUD CONVALIDACIÓN 1ŞCFGS \"ASIR)- MÓDULO FOL', '', ' '),
(279, '27/11/2020 0:00:00', 3, ' ', 1, ' ', 'IES \"ÁGORA\"', ' ', 'HISTORIAL ACADÉMICA DE ERNESTO ZUŃIGA LINDIO', '', ' '),
(280, '30/11/2020 0:00:00', 3, ' ', 1, ' ', 'CARLOS ATIENZA DE LA CRUZ', ' ', 'SOLICITUD ANULACIÓN DEL MÓDULO DE INGLÉS DEL CFGS (E-LEARNING-DAW).', '', ' '),
(281, '1/12/2020 0:00:00', 3, ' ', 1, ' ', 'SERVICIO PERSONAL GUADALAJARA', ' ', 'LICENCIA POR ENFERMEDAD DE MŞ BELÉN DOMINGO CASTILLO', '', ' '),
(282, '1/12/2020 0:00:00', 3, ' ', 1, ' ', 'SERVICIO PERSONAL DE GUADALAJARA', ' ', 'DILIGENCIA  TOMA DE POSESIÓN DE HÉCTOR LÓPEZ GÓMEZ', '', ' '),
(283, '1/12/2020 0:00:00', 3, ' ', 1, ' ', 'IES \"ANTONIO MACHADO\"', ' ', 'HISTORIAL ACADÉMICO DEL ALUMNO SERGIO MONTALVO SIERRA (1ŞESO)', '', ' '),
(284, '4/12/2020 0:00:00', 3, ' ', 1, ' ', 'ALEJANDRO GARCÍA ROJAS', ' ', 'SOLICITUD CONVALIDACIÓN DEL MÓDULO BD DEL CFGS (E-LEARNING-DAW)', '', ' '),
(285, '4/12/2020 0:00:00', 3, ' ', 1, ' ', 'IES \" SALVADOR TÁVORA\"', ' ', 'PETICIÓN DOCUMENTACIÓN DE GILARY BENAVIDES ROZO', '', ' '),
(286, '4/12/2020 0:00:00', 3, ' ', 1, ' ', 'INSPECCIÓN', ' ', 'ESCRITO PARA M. ASCENSIÓN MINGUIJÓN HERNÁNDEZ PARA REMITIR DE NUEVO A INSPECCIÓN UNA VEZ FECHADO Y FIRMARDO EL CORRESPONDIENTE RECIBÍ.', '', ' '),
(287, '7/12/2020 0:00:00', 3, ' ', 1, ' ', 'DENITSA MARINOVA KOLEVA', ' ', 'SOLICITUD CONVALIDACIÓN MÓDULOS DE FOL Y EIE DEL CFGS (E-LEARNING-DAW)', '', ' '),
(288, '7/12/2020 0:00:00', 3, ' ', 1, ' ', 'ÁNGEL MAYORAL TORO', ' ', 'ANULACIÓN MATRÍCULA CFGS \"ASIR\" MODULAR PRESENCIAL', '', ' '),
(289, '9/12/2020 0:00:00', 3, ' ', 1, ' ', 'IES PEŃALBA (CHILOECHES)', ' ', 'PETICIÓN DE EXPEDIENTE DE BADESCU, GEORGE ADRIÁN', '', ' '),
(290, '10/12/2020 0:00:00', 3, ' ', 1, ' ', 'PERSONAL SECUNDARIA GUADALAJARA', '', 'LICINCIA POR ENFERMEDAD DE VALENTÍN ROMERO SÁNCHEZ', '', ' '),
(291, '10/12/2020 0:00:00', 3, ' ', 1, ' ', 'JULIO PEŃA DÍAZ', ' ', 'ANULACIÓN DE MÓDULOS DESPLIEGE APL. WEB Y DISEŃO DE INTERFACES WEB DEL CFGS (E-LEARNING-DAW)', '', ' '),
(292, '15/12/2020 0:00:00', 3, ' ', 1, ' ', 'CARLOS ATIENZA DE LA CRUZ', ' ', 'ANULACIÓN MATRÍCULA DEL CFGS (E-LEARNING-DAW)', '', ' '),
(293, '16/12/2020 0:00:00', 3, ' ', 1, ' ', 'JAVIER MAGÁN FERNÁNDEZ', ' ', 'SOLICITUD ANULACIÓN MÓDULOS LENGUAJE MARCAS E INGLÉS DEL CFGS (E-LEARNING-DAW)', '', ' '),
(294, '17/12/2020 0:00:00', 1, ' ', 1, ' ', 'GREGORIO FERNÁNDEZ GALLEGO', ' ', 'SOLICITUD ANULACIÓN MÓDULO PROGRAMACIÓN DEL CFGS (E-LEARNING-DAW)', '', ' '),
(295, '17/12/2020 0:00:00', 3, ' ', 1, ' ', 'C.E.I.P. EL BUEN GOBERNADOR (TORREJÓN DE ARZOZ)', ' ', 'EXPEDIENTE DE PRIMARIA DE CATALINA CAMACHO PRADO', '', ' '),
(296, '18/12/2020 0:00:00', 3, ' ', 1, ' ', 'JUAN MANAUEL DIAZ HERNÁNDEZ', ' ', 'SOLICITUD ANULACIÓN MÓDULOS (DAW, ED, DWS-DWC) DEL CFGS (E-LEARNING-DAW)', '', ' '),
(297, '2022-02-17 08:50:03', 2, '11', 1, '11', '11', '11', '11', '', ''),
(298, '2022-03-02 09:36:14', 3, '', 2, '', 'productos', 'productos', '', '', ''),
(299, '2022-03-03 09:44:45', 3, '', 2, '', 'GUADALAJARA DP', 'NOTAS', '', '', ''),
(300, '2022-03-07 12:55:56', 3, '', 2, '', 'Vanessa', 'pruebo modificar', '', '', '');

-- --------------------------------------------------------

--
-- Estructura de tabla para la tabla `rsalida`
--

DROP TABLE IF EXISTS `rsalida`;
CREATE TABLE IF NOT EXISTS `rsalida` (
  `Referencia` int(8) NOT NULL,
  `Fecha` varchar(25) DEFAULT NULL,
  `Destino` int(8) DEFAULT NULL,
  `DestinoOtro` varchar(50) DEFAULT NULL,
  `Interesado` varchar(50) DEFAULT NULL,
  `Observaciones` mediumtext,
  `fecham` varchar(25) DEFAULT NULL,
  `mmod` varchar(100) DEFAULT NULL,
  PRIMARY KEY (`Referencia`),
  KEY `FK_SDESTINO` (`Destino`)
) ENGINE=InnoDB DEFAULT CHARSET=utf8;

--
-- Volcado de datos para la tabla `rsalida`
--

INSERT INTO `rsalida` (`Referencia`, `Fecha`, `Destino`, `DestinoOtro`, `Interesado`, `Observaciones`, `fecham`, `mmod`) VALUES
(1, '8/1/2020 0:00:00', 4, ' ', 'PADRES ALUMNOS', 'CORRECCIONES.', '', ' '),
(2, '8/1/2020 0:00:00', 4, ' ', 'ANDREA TELLA CARDALLIAGUET', 'RESOLUCIÓN ANULACIÓN MATRÍCULA 1Ş ASIR', '', ' '),
(3, '8/1/2020 0:00:00', 24, ' ', 'PERSONAL SECUNDARIA', 'PARTE DE BAJA MÉDICA DE JOSÉ ANTONIO SERRANO GARRIDO.', '', ' '),
(4, '8/1/2020 0:00:00', 4, ' ', 'PERSONAL SECUNDARIA', 'SOLICITUD DE EXCENCIA Y REINGRESO AL SERVICIO ACTIVO DE JORGE JUAN TORREJÓN BERSABÉ', '', ' '),
(5, '9/1/2020 0:00:00', 4, ' ', 'IES VICTORIA KENT', 'SOLICITUD DOCUMENTACIÓN ACADÉMICA DE SERGIO GARCÍA GARCÍA', '', ' '),
(6, '10/1/2020 0:00:00', 24, ' ', 'PREVENCIÓN R.L- YOLANDA ABAD', 'NOMBTAMIERNTO DE COORDINADOR RIESGOS LABORALES A DOLORES CARMEN LÓPEZ PETIDIER.', '', ' '),
(7, '13/1/2020 0:00:00', 24, ' ', 'SERVICIO DE INSPECCIÓN', 'AUSENCIAS PERSONAL DOCENTE MES DE DICIEMBRE.', '', ' '),
(8, '15/1/2020 0:00:00', 4, ' ', 'COLEGIO SAN JOAQUÍN Y STA ANA', 'ENVIO DOCUMENTACIÓN ACADÉMICA DE VALRIA FAURÓ GONZÁLEZ', '', ' '),
(9, '15/1/2020 0:00:00', 4, ' ', 'SERGIO ADALIA SANZ', 'RESOLUCICIÓN RENUNCIA A CONVOCATORIA.', '', ' '),
(10, '16/1/2020 0:00:00', 4, ' ', 'JESÚS LÓPEZ JAREŃO', 'RESOLUCIÓN ANULACIÓN MATRÍCULA E-LEARNING.', '', ' '),
(11, '17/1/2020 0:00:00', 4, ' ', 'D.P BIENEESTAR SOCIAL- FERNANDO CARVAJAL UREŃA', 'SOLICITUD INSTRUCCIONES ACTUACIÓN HNAS TORO.', '', ' '),
(12, '20/1/2020 0:00:00', 4, ' ', 'GUIOMAR ANDO GONZÁLEZ', 'RESOLUCIÓN CONVALIDACIÓN.', '', ' '),
(13, '20/1/2020 0:00:00', 4, ' ', 'PADRES ALUMNOS', 'CORRECCIONES.', '', ' '),
(14, '20/1/2020 0:00:00', 24, ' ', 'PERSONAL SECUNDARIA', 'PARTE DE BAJA Y ALTA DE IT DE LOURDES NAVAS', '', ' '),
(15, '20/1/2020 0:00:00', 4, ' ', 'SONIA GALIANO DÍAZ', 'SUSPENSIÓN ASISTENCIA AL CENTRO DE LORENA ALIA GALIANO', '', ' '),
(16, '22/1/2020 0:00:00', 4, ' ', 'IVÁN IVANOV VALTCHEV', 'RESOLUCIÓN ANULACIÓN DE MATRÍCULA.', '', ' '),
(17, '23/1/2020 0:00:00', 4, ' ', 'HOUSSEIN TICHETTI', 'CARTA RECLAMACIÓN ABONO EXTINTOR.', '', ' '),
(18, '23/1/2020 0:00:00', 4, ' ', 'FCO JOSÉ PÉREZ FERNÁNDEZ', 'CARTA RECLAMACIÓN ABONO EXTINTOR.', '', ' '),
(19, '23/1/2020 0:00:00', 4, ' ', 'DAVID LARA SÁNCHEZ', 'CARTA RECLAMACIÓN ABONO EXTINTOR.', '', ' '),
(20, '24/1/2020 0:00:00', 4, ' ', 'RAÚL MARTÍNEZ JIMÉNEZ', 'PÉRDIDA DEL DERECHO A EVALUACIÓN CONTINUA VARIOS MÓDULOS 1ŞSMR', '', ' '),
(21, '24/1/2020 0:00:00', 4, ' ', 'IVÁN MARTÍNEZ JIMÉNEZ', 'PÉRDIDA DEL DERECHO A EVALUACIÓN CONTINUA VARIOS MÓDULOS 1ŞSMR', '', ' '),
(22, '24/1/2020 0:00:00', 4, ' ', 'SERGIO JIMÉNEZ ALGOVIA', 'PÉRDIDA DEL DERECHO A EVALUACIÓN CONTINUA VARIOS MÓDULOS 1ŞSMR', '', ' '),
(23, '24/1/2020 0:00:00', 4, ' ', 'JONATHAN GARRIDO GONZÁLEZ', 'PÉRDIDA DEL DERECHO A EVALUACIÓN CONTINUA VARIOS MÓDULOS 1ŞSMR', '', ' '),
(24, '27/1/2020 0:00:00', 4, ' ', 'LUIS MIGUEL GUZMÁN GARCÍA', 'RESOLUCIÓN RENUNCIA A CONVOCATORIA DE VARIOS MÓDULOS ASIR', '', ' '),
(25, '27/1/2020 0:00:00', 4, ' ', 'PERSONAL SECUNDARIA', 'ALTA DE IT DE LOURDES NAVAS GÁMEZ', '', ' '),
(26, '27/1/2020 0:00:00', 4, ' ', 'PADRES ALUMNOS', 'CORRECCIONES.', '', ' '),
(27, '27/1/2020 0:00:00', 24, '', 'D.P EDUCACIÓN -GASTIÓN ECONÓMICA', 'INDEMNIZACIÓN POR RAZÓN DE SERVICIO DE CÉSAR SAN JUAN.', '10/2/2020 0:00:00', ' MODIFICAR'),
(28, '30/1/2020 0:00:00', 4, ' ', 'MIHAELA CAZILA', 'PÉRDIDA DE EVALUACIÓN CONTINUA VARIOS MÓDULOS DE EMANUEL CAZILA', '', ' '),
(29, '30/1/2020 0:00:00', 4, ' ', 'PERSONAL DOCENTE', 'SOLICITUD PERMISO SIN SUELDO DE BEGOŃA VÁZQUEZ PARIENTE.', '', ' '),
(30, '31/1/2020 0:00:00', 4, ' ', 'PADRES ALUMNOS', 'CORRECCIONES.', '', ' '),
(31, '3/2/2020 0:00:00', 4, ' ', 'AGUSTÍN ROMERO CRESPO', 'RESOLUCIÓN RENUNCIA A CONVOCATORIA.', '', ' '),
(32, '4/2/2020 0:00:00', 24, ' ', 'PERSONAL SECUNDARIA', 'PARTE MÉDICO BAJA Y ALTA DE IT DE BEATRIZ FERNÁNDEZ LARIOS.', '', ' '),
(33, '5/2/2020 0:00:00', 4, ' ', 'SERGIO ADALIA SANZ', 'RESOLUCIÓN EXENCIÓN FCT', '', ' '),
(34, '5/2/2020 0:00:00', 4, ' ', 'SIMONA ANDREA DINJOS', 'SUSPENSIÓN ASISTENCIA AL CENTRO DE VLAD FLORÍN DINJOS.', '', ' '),
(35, '5/2/2020 0:00:00', 4, ' ', 'EVELYN OSARETI CHARLES', 'SUSPENSIÓ ASISTENCIA CENTRO DE PARÍS EUGENIA VICTOR CHARLES.', '', ' '),
(36, '6/2/2020 0:00:00', 24, ' ', 'GESTIÓN ECONÓMICA', 'CUENTAS DE GESTIÓN 2019', '', ' '),
(37, '6/2/2020 0:00:00', 4, ' ', 'PADRES ALUMNOS', 'CORRECCIONES', '', ' '),
(38, '10/2/2020 0:00:00', 24, ' ', 'GESTIÓN ECONÓMICA', 'SOLICITUD INDEMNIZACIÓN POR RAZÓN DE SERVICO DE CÉSAR SAN JUAN PASTOR.', '10/2/2020 0:00:00', ' MODIFICAR'),
(39, '10/2/2020 0:00:00', 24, ' ', 'SERVICIO DE INSPECCIÓN', 'AUSENCIA PERSONAL DOCENTE MES DE ENERO.', '', ' '),
(40, '11/2/2020 0:00:00', 4, ' ', 'JOSÉ ÁNGEL LÓPEZ DÍAZ', 'RESOLUCIÓN ANULACIÓN MATRÍCULA E-LEARNING.', '', ' '),
(41, '11/2/2020 0:00:00', 24, ' ', 'PERSONAL SECUNDARIA', 'PARTE MÉDICO DE ALTA DE MŞ ASCENSIÓN MINGUIJÓN HERNANDEZ.', '', ' '),
(42, '11/2/2020 0:00:00', 4, ' ', 'PADRES ALUMNOS', 'CORRECCIONES.', '', ' '),
(43, '12/2/2020 0:00:00', 4, ' ', 'PADRES DE ALUMNOS DE FPB2', 'CARTA REQUIERNDO EL PAGO DE 20€ PARA LA SUBSANACIÓN DE LA ROTURA DE UN ORDENADOR.', '', ' '),
(44, '13/2/2020 0:00:00', 24, ' ', 'GESTIÓN EDUCATIVA- EVA MAESO', 'PROPUESTA EXPEDICIÓN TÍTULOS CFGS CURSO 18/19 Y 19/20.', '', ' '),
(45, '13/2/2020 0:00:00', 24, ' ', 'ASESORIA DE BILINGÜÍSMO Y PROGRAMAS', 'SOLICITUD DE RECONOCIMIENTO CONTRIBUTIVO DEL NIVEL C1/C2 DE CATALINA ROLDÁN LÁZARO.', '', ' '),
(46, '14/2/2020 0:00:00', 4, ' ', 'PADRES ALUMNOS', 'CORRECCIONES.', '', ' '),
(47, '17/2/2020 0:00:00', 4, ' ', 'D.P BIRNESTAR SOCIAL- FERNANDO CARVAJAL UREŃA', 'SOCILITUD PROTOCOLO DE ACTUACIÓN PARA NOELIA Y NICOLE TORO CARTAGENA.', '', ' '),
(48, '17/2/2020 0:00:00', 4, ' ', 'FRANCISCO JAVIER PÉREZ GONZÁLEZ', 'CARTA REQUIRIENDO ABONO DEL EXTINTOR VACIADO.', '', ' '),
(49, '18/2/2020 0:00:00', 4, ' ', 'PEDRO MARTÍNEZ VALIENTE', 'RESOLUCIÓN RENUNCIA A CONVOCATORIA.', '', ' '),
(50, '19/2/2020 0:00:00', 4, ' ', 'JOSÉ MANUEL ABAD CORREA', 'RESOLUCUÓN ANULACIÓN DE MATRÍCULA SMR.', '', ' '),
(51, '19/2/2020 0:00:00', 4, ' ', 'FERNANDO JIMÉNEZ MARTINEZ', 'SUSPENSIÓN ASISTENCIA AL CENTRO DE HUGO JIMÉNEZ OLMEDILLA.', '', ' '),
(52, '19/2/2020 0:00:00', 24, ' ', 'D.P EDUCACIÓN , CULTURA Y DEPORTES', 'INFORME COMUNICACIÓN ACCIDENTE ESCOLAR ALEXANDRA GARCÍA RUPÉREZ', '', ' '),
(53, '20/2/2020 0:00:00', 24, ' ', 'ASESOR FP.', 'SOLICITUD DE AUTORIZACIÓN PARA FCT FUERA DE LA PROVINCIA Y PROGRAMA FORMATIVO VARIO ALUMNOS', '', ' '),
(54, '20/2/2020 0:00:00', 4, ' ', 'DAVID LARA SÁNCHEZ', 'SUSPENSIÓN ASISTENCIA CENTRO DE EDUARDO LARA FLORENZA.', '', ' '),
(55, '20/2/2020 0:00:00', 4, ' ', 'PADRES/ALUMNOS', 'CORRECCIONES', '', ' '),
(56, '21/2/2020 0:00:00', 4, ' ', 'COLEGIO STO TOMÁS DE AQUINO', 'ENVÍO DOCUMENTACIÓN ACADÉMICA DE THAIS VALENTINA NIETO CALLE.', '', ' '),
(57, '21/2/2020 0:00:00', 4, ' ', 'IES LAUREL DE LA REINA', 'OFICIO SOLICITANDO DOCUMENTACIÓN ACADÉMICA DE ERNESTO ZÚŃIGA LINDIO.', '', ' '),
(58, '26/2/2020 0:00:00', 4, ' ', 'GUIOMAR ANDO GONZÁLEZ', 'RESOLUCIÓN BAJA CFGS E- LEARNING.', '', ' '),
(59, '26/2/2020 0:00:00', 4, ' ', 'PADRES/ALUMNOS', 'CORRECCIONES', '', ' '),
(60, '27/2/2020 0:00:00', 4, ' ', 'GREGORIO FERNÁNDEZ GALLEGO', 'RESOLUCIÓN ANULACIÓN DE MATRÍCULA DEL MÓDULO ENTORNOS DE DESARROLLO DAW E-LEARNING', '', ' '),
(61, '27/2/2020 0:00:00', 4, ' ', 'DARÍO CENTENERA PÉREZ', 'RESOLUCIÓN ANULACIÓN MATRÍCULA  DAW.', '', ' '),
(62, '27/2/2020 0:00:00', 24, ' ', 'ASESOR F.P', 'CONVENIO CENTRO DOCENTE EMPRESA PARA EL DESARROLLO DE LA FCT NŞ CONV:144,147 Y 148', '', ' '),
(63, '27/2/2020 0:00:00', 24, ' ', 'GESTIÓN EDUCATIVA-EVA MAESO', 'PROPUESTA EXPEDICIÓN 2 TÍTULOS DE BACHILLERATO.', '', ' '),
(64, '28/2/2020 0:00:00', 4, ' ', 'ADRIÁN VICARIO DIEGO', 'RESOLUCIÓN ANULACIÓN DE MATRŃICULA DAW E- LEARNING.', '', ' '),
(65, '28/2/2020 0:00:00', 4, ' ', 'SERVICIO DE INSPECCIÓN', 'PARTE AUSENCIA PERSONAL DOCENTE ENERO QUE SUSTITUYE AL ANTERIOR', '', ' '),
(66, '28/2/2020 0:00:00', 4, ' ', 'PADRES ALUMNOS', 'CORRECCIONES ALUMNOS.', '', ' '),
(67, '2/3/2020 0:00:00', 4, ' ', 'PERSONAL SECUNDARIA', 'PARTE DE BAJA Y ALTA MÉDICO DE ASCENSIÓN MINGUIJON HERNÁNDEZ.', '', ' '),
(68, '3/3/2020 0:00:00', 24, ' ', 'SERVICIO DE INSPECCIÓN- SUSANA TAMAYO', 'ACTA DE CONSTITUCIÓN DE LA COMISIÓN DE EVALUACIÓN PRUEBAS LIBRES DE CFGM.', '', ' '),
(69, '3/3/2020 0:00:00', 24, ' ', 'ASESOR DE F.P', 'SOLICITUD DE AUTORIZACIÓN PARA LA FCT EN PERIODO EXTRORDINARIO O FUERA DE LA PROVINCIA DE VARIOS ALUMNOS.', '', ' '),
(70, '4/3/2020 0:00:00', 4, ' ', 'ALEJANDRA SANZ MARINA', 'RESOLUCIÓN ANULACIÓN DE MATRICULA DAW E-LEARNING', '', ' '),
(71, '6/3/2020 0:00:00', 4, ' ', 'ASESOR F.P', 'SOLCITUD DE AUTORIZACIÓN PARA FCT FUERA DE LA PROVINCIA Y PROGRAMA FORMATIVO DE VARIOS ALUMNOS.', '', ' '),
(72, '6/3/2020 0:00:00', 4, ' ', 'PADRES ALUMNOS', 'CORRECIONES', '', ' '),
(73, '9/3/2020 0:00:00', 24, ' ', 'ASESOR F.P', 'CONVENIOS CENTRO DOCENTE EMPRESA 150 Y 151, SOLICITUD AUTORIZACIÓN PARAA FCT FUERA DE LA PROVINCIA Y PROGRAMA FORMATIVO.', '', ' '),
(74, '9/3/2020 0:00:00', 24, ' ', 'S. DE INSPECIÓN- SUSANA TAMAYO', 'JEFE DE DEPARTAMENTO JUAN LUIS GALISTETO CARO.', '', ' '),
(75, '10/3/2020 0:00:00', 4, ' ', 'VICENT AJAYI', 'SUSPENSIÓN ASISTENCIA CENTRO DE KOBE HENRY AJAYI', '', ' '),
(76, '10/3/2020 0:00:00', 24, ' ', 'SERVICIO DE INSPECCIÓN', 'AUSENCIAS PERSONAL DOCENTE MES DE FEBRERO', '', ' '),
(77, '11/3/2020 0:00:00', 4, ' ', 'PERSONAL SECUNDARIA', 'PARTE MÉDICO DE BAJA Y ALTA DE JUAN OBEO MUŃOZ.', '', ' '),
(78, '11/3/2020 0:00:00', 24, ' ', 'ASESOR DE F.P', 'CONVENIOS CENTRO DOCENTE-EMPRESA (ANEXO 0) NŞ CONVENIOS: 146 Y 149.', '', ' '),
(79, '11/3/2020 0:00:00', 4, ' ', 'CEIP VIRGEN DE LA SOLEDAD', 'PETICIÓN DE INFORMES DEL ALUMNO JOSÉ MARÍA PEINADO GARCÍA.', '', ' '),
(80, '11/3/2020 0:00:00', 4, ' ', 'PADRES ALUMNOS', 'CORRECCIONES', '', ' '),
(81, '13/3/2020 0:00:00', 4, ' ', 'ASESOR F.P', 'CONVENIO CENTRO DOCENTE-EMPRESA NŞ 153 PARA EL DESARROLLO FCT Y RELACIÓN DE ALUMNOS.', '', ' '),
(82, '13/3/2020 0:00:00', 1, ' ', 'RUBÉN RUIZ CUEVAS', 'SOLICITUD RENUNCIA A CONVOCATORIO MÓDULO LMSGI DAW E-LEARNING', '', ' '),
(83, '9/6/2020 0:00:00', 1, ' ', 'GESTIÓN ECONÓMICA', 'ENVÍO CUENTA DE GESTIÓN 20196 RECTIFICADA.', '', ' '),
(84, '24/6/2020 0:00:00', 4, ' ', 'S. INSPECCIÓN', 'PARTE MENSUAL AUSENCIAS PERSONAL DOCENTE DE MARZO, ABRIL Y MAYO', '', ' '),
(85, '1/7/2020 0:00:00', 24, ' ', 'GESTIÓN ECONÓMICA', 'PRESUPUESTO AŃO 2020', '', ' '),
(86, '2/7/2020 0:00:00', 24, ' ', 'DIRECTOR PROVINCIAL', 'INFORME DEL ESTADO DEL CENTRO', '', ' '),
(87, '3/9/2020 0:00:00', 21, ' ', 'SERVICIO DE INSPECCIÓN', 'SOLICITUD DE CLASES SEMIPRESENCIALES EN FP', '', ' '),
(88, '8/9/2020 0:00:00', 24, ' ', 'SERVICIO DE INSPECCIÓN', 'RELACIÓN JEFES DE DEPARTAMENTO CURSO 20/21', '', ' '),
(89, '15/9/2020 0:00:00', 4, ' ', 'IES VALLE INCLÁN', 'PETICIÓN DOCUMENTACIÓN ACADÉMICA DE AINHOA ELVIRA OLIVO', '', ' '),
(90, '15/9/2020 0:00:00', 4, ' ', 'IES LUIS DE GÓNGORA', 'PETICIÓN DOCUMENTACIÓN ACADÉMICA DE JOSIANE THOMAS CABALLERO CARO', '', ' '),
(91, '15/9/2020 0:00:00', 4, ' ', 'IES IGNACIO ELLACURIA', 'PETICIÓN DOCUMENTACIÓN ACADÉMICA DE JORGE ACEVEDO CIRUELOS.', '', ' '),
(92, '15/9/2020 0:00:00', 4, ' ', 'IES ANTNIO MACHADO', 'PETICIÓN DOCUMENTACIÓN ACADÉMICA DE ILUAN SEBASTIAN HALIP', '', ' '),
(93, '15/9/2020 0:00:00', 4, '', 'COLEGIO PRESENTACIÓN DE NTRA SRA', 'PETICIÓN DOCUMENTACIÓN ACADÉMICA DE JON ANDER HERNÁNDEZ ALONSO.', '9/11/2020 0:00:00', ' MODIFICAR'),
(94, '16/9/2020 0:00:00', 24, ' ', 'ASESORIA DE BILINGÜISMO Y PROGRAMAS', 'CERTIFICADO RETRIBUCONES PROYECTO BILINGÜE O PLURIBILINGÜE CURSO 2020/2021', '', ' '),
(95, '17/9/2020 0:00:00', 4, ' ', 'CEIP ANA MARÍA MATUTE', 'OFICIO SOLICITANDO DOCUMENTACIÓN ACADÉMICA DE EMMA SÁNCHEZ DOMÍNGUEZ.', '', ' '),
(96, '17/9/2020 0:00:00', 4, ' ', 'CEIP ERNEST HEMINGWAY', 'OFICIO SOLICITANDO DOCUMENTACIÓN ACADÉMICA DE AYTANA BRAVO MAYOR.', '', ' '),
(97, '17/9/2020 0:00:00', 4, ' ', 'CEIP EL BUEN GOBERNADOR', 'OFICIO SOLICITANDO DOCUMENTACIÓN ACADÉMICA DE CATALINA CAMACHO PRADO.', '', ' '),
(98, '17/9/2020 0:00:00', 4, ' ', 'ANULADO', '', '17/9/2020 0:00:00', ' MODIFICAR'),
(99, '18/9/2020 0:00:00', 4, ' ', 'CEIP VIRGEN DE LA SOLEDAD', 'SOLICITUD INFORMES DE FINAL DE ETAPA, PSICOPEDAGÓGICOS VARIOS ALUMNOS.', '', ' '),
(100, '18/9/2020 0:00:00', 4, ' ', 'PADRES ALUMNOS', 'CORRECCIONES', '', ' '),
(101, '22/9/2020 0:00:00', 4, ' ', 'HOUSSAINE TICHETI', 'SUSPENSIÓN ASISTENCIA CENTRO DE ABDENNAUR TICHETI', '', ' '),
(102, '22/9/2020 0:00:00', 4, ' ', 'DAVID LARA SÁNCHES', 'SUSPENSIÓN ASISTENCIA CENTRO DE EDUARDO LARA FLORENZA.', '', ' '),
(103, '23/9/2020 0:00:00', 24, ' ', 'S.INSPECCIÓN- SUSANA TAMAYO', 'SOLICITUD DE ENSEŃANZA SEMIPRESENCIAL DE YOMAIRA KATHERINE JIMÉNEZ MIRANDA.', '23/9/2020 0:00:00', ' MODIFICAR'),
(104, '23/9/2020 0:00:00', 4, ' ', 'JUAN MOLINA GÓMEZ', 'RESOLUCIÓN CONVALIDACIÓN VARIOS MÓDULOS CFGS-DAW', '', ' '),
(105, '23/9/2020 0:00:00', 4, ' ', 'SERGIO MARTÍN REGIDOR', 'RESOLUCIÓN CONVALIDACION MÓDULO EIE.CFGS-DAW', '', ' '),
(106, '23/9/2020 0:00:00', 4, ' ', 'ALBERTO SÁNCHEZ DE LA NIETA PÉREZ', 'RESOLUCIÓN CONVALIDACION MÓDULO EIE.CFGS-DAW', '', ' '),
(107, '23/9/2020 0:00:00', 4, ' ', 'SERGIO ABEL GIURGIU', 'RESOLUCIÓN CONVALIDACION MÓDULO EIE.CFGS-DAW', '', ' '),
(108, '23/9/2020 0:00:00', 4, '', 'LUCAS SALO CARRILLO', 'RESOLUCIÓN CONVALIDACION MÓDULO EIE.CFGS-DAW', '9/11/2020 0:00:00', ' MODIFICAR'),
(109, '25/9/2020 0:00:00', 4, ' ', 'JAVIER LOZANO ASENJO', 'RESOLUCIÓN EXENCIÓN MÓDULO FCT', '', ' '),
(110, '25/9/2020 0:00:00', 4, ' ', 'COLEGIO SAN JUAQUÍN Y STA MARÍA', 'OFICIO PIDIENDO DOCUMENTACIÓN ACADÉMICA DE LUCIA MARTÍNEZ PALADÍN', '', ' '),
(111, '25/9/2020 0:00:00', 24, ' ', 'ASESOR FP', 'CONVENIO CENTRO DOCENTE-EMPRESA PARA EL DESARROLLO FCT (144)- RELACIÓN DE ALUMNOS Y PROGRAMA FORMATIVO', '', ' '),
(112, '28/9/2020 0:00:00', 4, ' ', 'IES NTRA SRA DE LA ALUMUDENA', 'OFICIO SOLICITANZO DOCUMENTACIÓN ACADÉMICA DE DAYANA CONCEPCIÓN SEGURA ESQUEN', '', ' '),
(113, '28/9/2020 0:00:00', 4, ' ', 'IES CONSELLERIA', 'OFICIO SOLICITANZO DOCUMENTACIÓN ACADÉMICA DE ALEJANDRO LOZANO SEGURA', '', ' '),
(114, '28/9/2020 0:00:00', 4, ' ', 'PADRES ALUMNOS', 'CORRECCIONES', '', ' '),
(115, '29/9/2020 0:00:00', 4, ' ', 'EVELYN OSARETI CHARLES', 'SUSPENSIÓN ASISTENCIA AL CENTRO DE PARÍS E. VÍCTOR CHARLES.', '', ' '),
(116, '29/9/2020 0:00:00', 4, ' ', 'JAVIER BÚRDALO FERNÁNDEZ', 'RESOLUCIÓN ANULACIÓN DE MATRÍCULA CFGM DE SAMUEL BÚRDALO MUŃOZ', '', ' '),
(117, '30/9/2020 0:00:00', 4, ' ', 'IES MIGUEL DELIBES', 'OFICIO SOLICITANDO DOCUMENTACIÓN ACADÉMICA DE DANIEL DUCE IDARRAGA', '', ' '),
(118, '30/9/2020 0:00:00', 4, ' ', 'JOSÉ LUIS P´REZ CARBALLO', 'SUSPENCIÓN ASISTENCIA AL CENTRO DE JOEL REYES RIVERA', '', ' '),
(119, '30/9/2020 0:00:00', 4, ' ', 'ROSA NIEVES GARCÍA SAN MARTÍN', 'SUSPENCIÓN ASISTENCIA AL CENTRO DE JOSÉ MŞ PEINADO GARCÍA', '', ' '),
(120, '30/9/2020 0:00:00', 4, ' ', 'ALBA VALENCIA MORA', 'CONFIRMACIÓN ANULACIÓN MATRÍCULA EN 1ŞCFGM', '', ' '),
(121, '1/10/2020 0:00:00', 4, ' ', 'GUILLERMO DUQUE VILLA', 'RESOLUCIÓN RC', '', ' '),
(122, '1/10/2020 0:00:00', 4, ' ', 'MIGUEL ANTONIO CAŃO TEBA', 'RESOLUCIÓN RC', '', ' '),
(123, '1/10/2020 0:00:00', 4, ' ', 'COLEGIO ÁRULA', 'DOCUMENTACIÓN ACADÉMICA DE ANA MŞ ALCÁZAR BASTOS.', '', ' '),
(124, '1/10/2020 0:00:00', 4, ' ', 'SUSANA ROMERO JABONERO', 'AVISO DE ASENTISMO DEL ALUMNO FRANCISCO SÁNCHEZ JABONERO.', '', ' '),
(125, '2/10/2020 0:00:00', 4, ' ', 'OMAR DIOP', 'SUSPENSIÓN ASISTENCIA AL CENTRO DE SAYNABOU DIOP.', '', ' '),
(126, '2/10/2020 0:00:00', 4, ' ', 'AMGEL HERECIA ALCÁZAR', 'SUSPENSIÓN ASISTENCIA AL CENTRO DE JOSÉ MANUEL HEREDIA SABAQUEBAS', '', ' '),
(127, '5/10/2020 0:00:00', 4, ' ', 'IONELA BILIANA TRUIA', 'SUSPENSIÓN ASISTENCIA AL CENTRO DE MOSSEF BRENDAN TRUIA', '', ' '),
(128, '5/10/2020 0:00:00', 4, ' ', 'ÁNGEL HEREDIA ALCÁZAR', 'SUSPENSIÓN ASISTENCIA AL CENTRO DE JOSÉ MANUEL HEREDIA SEBASQUEBAS.', '', ' '),
(129, '5/10/2020 0:00:00', 4, ' ', 'PEDRO ANTONIO ROSARIO PABLO', 'SUSPENSIÓN ASISTENCIA AL CENTRO DE PEDRO DANIEL ROSARIO GARCÍA.', '', ' '),
(130, '5/10/2020 0:00:00', 4, ' ', 'MARTHA LORENA SÁNCHEZ MONTOYA', 'SUSPENSIÓN ASISTENCIA AL CENTRO DE ESTEBAN POSADAS SÁNCHEZ', '', ' '),
(131, '5/10/2020 0:00:00', 4, ' ', 'ALEXIS SÁNCHEZ LEAL', 'RESOLUCIÓN CONVOCATORIA EXTRAORDINARIA EN VARIOS MÓDULOS DEL CFGS-DAW', '', ' '),
(132, '5/10/2020 0:00:00', 4, ' ', 'JUEN JOSÉ HERNÁNDEZ GARCÍA', 'RESOLUCIÓN CONVALIDACIÓN.', '', ' '),
(133, '5/10/2020 0:00:00', 4, ' ', 'DANIEL BENÍTEZ ABELLÁN', 'RESOLUCIÓN CONVALIDACIÓN.', '', ' '),
(134, '5/10/2020 0:00:00', 4, ' ', 'MIGUEL SOLDEVILLA JIMÉNEZ', 'RESOLUCIÓN CONVALIDACIÓN.', '', ' '),
(135, '5/10/2020 0:00:00', 4, ' ', 'IRENE PALOMARS CANALES', 'RESOLUCIÓN CONVALIDACIÓN.', '', ' '),
(136, '5/10/2020 0:00:00', 4, ' ', 'ÁNGEL LÓPEZ PALACIOS', 'RESOLUCIÓN CONVALIDACIÓN.', '', ' '),
(137, '5/10/2020 0:00:00', 4, ' ', 'ALIN IOAN CHELEMEN', 'RESOLUCIÓN CONVALIDACIÓN.', '', ' '),
(138, '5/10/2020 0:00:00', 4, ' ', 'LORENZO ALPE CEREZO', 'RESOLUCIÓN CONVALIDACIÓN.', '', ' '),
(139, '5/10/2020 0:00:00', 4, ' ', 'ANDRIY BORKO', 'RESOLUCIÓN CONVALIDACIÓN.', '', ' '),
(140, '5/10/2020 0:00:00', 4, ' ', 'EDUARD GOMÁ BAIGORRI', 'RESOLUCIÓN CONVALIDACIÓN.', '', ' '),
(141, '5/10/2020 0:00:00', 4, ' ', 'SERGIO DE SAN CLEMENTE MUŃOZ', 'RESOLUCIÓN CONVALIDACIÓN.', '', ' '),
(142, '5/10/2020 0:00:00', 4, ' ', 'LAURA IZQUIERDO TORRONTERA', 'RESOLUCIÓN CONVALIDACIÓN.', '', ' '),
(143, '5/10/2020 0:00:00', 4, ' ', 'PABLO LAYNA GUZMÁN', 'RESOLUCIÓN CONVALIDACIÓN.', '', ' '),
(144, '5/10/2020 0:00:00', 4, ' ', 'RUBÉN IGLESIAS GARCÍA', 'RESOLUCIÓN CONVALIDACIÓN.', '', ' '),
(145, '5/10/2020 0:00:00', 4, ' ', 'ÁLVARO ALBA ESCRIBANO', 'RESOLUCIÓN CONVALIDACIÓN.', '', ' '),
(146, '5/10/2020 0:00:00', 4, ' ', 'KER ÁLVAREZ TURIEL', 'RESOLUCIÓN CONVALIDACIÓN.', '', ' '),
(147, '5/10/2020 0:00:00', 4, ' ', 'ADAM BENJAMÍN CALIN', 'RESOLUCIÓN CONVALIDACIÓN.', '', ' '),
(148, '5/10/2020 0:00:00', 4, ' ', 'DANIEL AMORES MARTÍN', 'RESOLUCIÓN CONVALIDACIÓN.', '', ' '),
(149, '5/10/2020 0:00:00', 4, ' ', 'ADRIÁN VAQUERRIZO LÓPEZ', 'RESOLUCIÓN CONVALIDACIÓN.', '', ' '),
(150, '5/10/2020 0:00:00', 4, ' ', 'JAVIER PARDO SOLÉ', 'RESOLUCIÓN CONVALIDACIÓN.', '', ' '),
(151, '5/10/2020 0:00:00', 4, ' ', 'ÁLVARO SÁNCHEZ CALERO', 'RESOLUCIÓN CONVALIDACIÓN.', '', ' '),
(152, '5/10/2020 0:00:00', 4, ' ', 'SERGIO BUENO VAQUERIZO', 'RESOLUCIÓN CONVALIDACIÓN.', '', ' '),
(153, '5/10/2020 0:00:00', 4, ' ', 'JAIME MORALES VÁZQUEZ', 'RESOLUCIÓN CONVALIDACIÓN.', '', ' '),
(154, '5/10/2020 0:00:00', 4, ' ', 'JUAN CARLOS PERONA MARTÍN', 'RESOLUCIÓN CONVALIDACIÓN.', '', ' '),
(155, '5/10/2020 0:00:00', 4, ' ', 'MARIANO ANDRÉS MESSANA MONTENEGRO', 'RESOLUCIÓN CONVALIDACIÓN.', '', ' '),
(156, '5/10/2020 0:00:00', 4, ' ', 'HUGO FERNÁNDEZ SANTOS', 'RESOLUCIÓN CONVALIDACIÓN.', '', ' '),
(157, '5/10/2020 0:00:00', 4, ' ', 'CARLOS CALVO ROJO', 'RESOLUCIÓN CONVALIDACIÓN.', '', ' '),
(158, '5/10/2020 0:00:00', 4, ' ', 'LUIS MIGUEL TENDERO FERNÁNDEZ', 'RESOLUCIÓN CONVALIDACIÓN.', '', ' '),
(159, '5/10/2020 0:00:00', 4, ' ', 'ANTONIO MORENO JIMÉNEZ', 'RESOLUCIÓN CONVALIDACIÓN.', '', ' '),
(160, '5/10/2020 0:00:00', 4, ' ', 'EDUARDO FERNANDO RADU', 'RESOLUCIÓN CONVALIDACIÓN.', '', ' '),
(161, '5/10/2020 0:00:00', 4, ' ', 'HUGO VILLAR CLAVO', 'RESOLUCIÓN CONVALIDACIÓN.', '', ' '),
(162, '5/10/2020 0:00:00', 4, ' ', 'ÁLVARO RODRIGUEZ ROPERO', 'RESOLUCIÓN CONVALIDACIÓN.', '', ' '),
(163, '5/10/2020 0:00:00', 4, ' ', 'ANULADO', '', '5/10/2020 0:00:00', ' MODIFICAR'),
(164, '5/10/2020 0:00:00', 4, '', 'IES GABRIEL GARCÍA MÁRQUEZ', 'SOLICITUD DOCUMENTACIÓN ACADÉMICA DE ALEJANDRA SÁNCHEZ CÁRDENAS', '6/10/2020 0:00:00', ' MODIFICAR'),
(165, '5/10/2020 0:00:00', 4, ' ', 'SANTIAGO CALERO COLLAZOS', 'RESOLUCIÓN ANULACIÓN DE MATRÍCULA DAW.', '', ' '),
(166, '6/10/2020 0:00:00', 4, ' ', 'PADRES ALUMNOS', 'CORRECCIONES.', '', ' '),
(167, '7/10/2020 0:00:00', 4, ' ', 'IES EIJO GARAY', 'SOLICITUD DOCUMENTACIÓN ACADÉMICA DE MICHELL OREANA LARA ZABALA.', '', ' '),
(168, '7/10/2020 0:00:00', 4, ' ', 'BORJA RECIO CAMUŃAS', 'RESOLUCIÓN RENUNCIA A CONVOCATORIA.', '', ' '),
(169, '8/10/2020 0:00:00', 4, ' ', 'HERNY ISMAEL PÉREZ FLETE', 'RESOLUCIÓN SIMULTANEIDAD DE ESTUDIOS.', '', ' '),
(170, '8/10/2020 0:00:00', 4, ' ', 'SANTIAGO CALERO COLLAZOS', 'RESOLUCIÓN CONVALIDACIÓN.', '', ' '),
(171, '8/10/2020 0:00:00', 4, ' ', 'LAURA MARTÍN VICENTE', 'RESOLUCIÓN CONVALIDACIÓN.', '', ' '),
(172, '8/10/2020 0:00:00', 4, ' ', 'BORJA RECIO CAMUŃAS', 'RESOLUCIÓN CONVALIDACIÓN.', '', ' '),
(173, '8/10/2020 0:00:00', 4, ' ', 'MARCOS BERMÚDEZ CHAMORRO', 'RESOLUCIÓN CONVALIDACIÓN.', '', ' '),
(174, '8/10/2020 0:00:00', 4, ' ', 'ADRIÁN CREVILLEN MARCHANTE', 'RESOLUCIÓN CONVALIDACIÓN.', '', ' '),
(175, '8/10/2020 0:00:00', 4, ' ', 'JORGE DE LA FUENTE SOLANO', 'RESOLUCIÓN CONVALIDACIÓN.', '', ' '),
(176, '8/10/2020 0:00:00', 4, ' ', 'MARÍA GARCÍA MARTÍNEZ', 'RESOLUCIÓN CONVALIDACIÓN.', '', ' '),
(177, '8/10/2020 0:00:00', 4, ' ', 'PADRES ALUMNOS', 'CORRECCIONES.', '', ' '),
(178, '9/10/2020 0:00:00', 4, ' ', 'JOY EHIGIE', 'SUSPENSIÓN ASISTENCIA AL CENTRO DE WISDOM EFOSA IROWA', '', ' '),
(179, '13/10/2020 0:00:00', 4, ' ', 'ENRIQUE MARCEL OHANNESSIAN MACHADO', 'SUSPENSIÓN ASISTENCIA AL CENTRO DE LUKA MARCEL OHANNESSIAN ACOSTA.', '', ' '),
(180, '13/10/2020 0:00:00', 4, ' ', 'SERVICIO DE INSPECCIÓN', 'PARTE MENSUAL AUSENCIA PERSONAL DOCENTE DE SEPTIEMBRE', '', ' '),
(181, '13/10/2020 0:00:00', 4, ' ', 'ALEJANDRO BARRERA SANCHEZ', 'RESOLUCIÓN CONVALIDACIÓN.', '', ' '),
(182, '13/10/2020 0:00:00', 4, ' ', 'LUIS RUBIO MARTÍNEZ', 'RESOLUCIÓN CONVOCATORIA EXTRAORDINARIA MÓDULO PROGRAMACIÓN.', '', ' '),
(183, '13/10/2020 0:00:00', 4, ' ', 'ISMAEL TREVIŃO MARTÍNEZ', 'RESOLUCIÓN CONVALIDACIÓN', '', ' '),
(184, '13/10/2020 0:00:00', 4, ' ', 'PADRE ALUMNOS', 'CORRECCIONES', '', ' '),
(185, '14/10/2020 0:00:00', 4, ' ', 'MARIANO GARCÍA RICOTE', 'SUSPENSIÓN ASISTENCIA CENTRO DE SERGIO GARCÍA GARCÍA', '', ' '),
(186, '14/10/2020 0:00:00', 4, ' ', 'PRUDENCIA EKNA ABEME', 'SUSPENSIÓN ASISTENCIA AL CENTRO DE JUSTO EBAKO EKNA', '', ' '),
(187, '15/10/2020 0:00:00', 4, ' ', 'EL ABBAS AMAACH', 'SUSPENSIÓN ASISTENCIA CENTRO DE HOUDA AMAACH EL HAMMOUCHI', '', ' '),
(188, '16/10/2020 0:00:00', 4, ' ', 'JOSÉ ALESSANDROÁLVAREZ ELVIR', 'RESOLUCIÓN CONVALIDACIÓN.', '', ' '),
(189, '16/10/2020 0:00:00', 4, ' ', 'ROBERTO BERMEJO MATILLAS', 'RESOLUCIÓN CONVALIDACIÓN.', '', ' '),
(190, '16/10/2020 0:00:00', 4, ' ', 'SERGIO BUENO VAQUERIZO', 'RESOLUCIÓN CONVALIDACIÓN.', '', ' '),
(191, '16/10/2020 0:00:00', 4, ' ', 'SANA RAHOUI', 'RESOLUCIÓN CONVALIDACIÓN.', '', ' '),
(192, '16/10/2020 0:00:00', 4, ' ', 'JAVIER UGARRIO DURO', 'RESOLUCIÓN CONVALIDACIÓN.', '', ' '),
(193, '19/10/2020 0:00:00', 4, ' ', 'JAIME PORCAR RODRÍGUEZ', 'RESOLUCIÓN ANULACIÓNDE MATRÍCULA', '', ' '),
(194, '19/10/2020 0:00:00', 4, ' ', 'MARTA LÓPEZ GARCÍA', 'RESOLUCIÓN CONVALIDACIÓN.', '', ' '),
(195, '19/10/2020 0:00:00', 4, ' ', 'PADRES /ALUMNOS', 'CORRECCIONES', '', ' '),
(196, '20/10/2020 0:00:00', 4, ' ', 'ABDELLAH BEN ZERROUK', 'SUSPENSIÓN ASISTENCIA AL CENTRO DE ADAM BEN ZERROUK', '', ' '),
(197, '20/10/2020 0:00:00', 1, ' ', 'ROSA MŞ GARCÍA SAN MARTÍN', 'SUSPENSIÓN ASISTENCIA AL CENTRO DE JOSÉ MŞ PEINADO GARCÍA', '', ' '),
(198, '20/10/2020 0:00:00', 4, ' ', 'AZIZ EL KHAMMAR', 'SUSPENSIÓN ASISTENCIA AL CENTRO DE HOUSSAM EL KHAMMAR', '', ' '),
(199, '20/10/2020 0:00:00', 4, ' ', 'SERVICIO DE INSPECCIÓN', 'AUSENCIAS PERSONAL DOCENTE MES DE SEPTIEMBRE(RECTIFICADO)', '', ' '),
(200, '20/10/2020 0:00:00', 4, ' ', 'VIRGINIA DELGADO', 'RESOLUCIÓN RENUNCIA A CONVOCATORIA.', '', ' '),
(201, '20/10/2020 0:00:00', 4, ' ', 'SEMINARIO MENOR AGUSTINIANO', 'ENVIO DOCUMENTACIÓN ACADÉMICA DE SARA DOMARCO PÉREZ', '', ' '),
(202, '21/10/2020 0:00:00', 4, ' ', 'CAU-EDUCACIÓN ASILO SAN PRUDENCIO', 'ACATA DE RECEPCIÓN EXPEDIENTE 2020/08945', '', ' '),
(203, '21/10/2020 0:00:00', 4, ' ', 'SANA RAHOUI', 'RESOLUCIÓN ANULACIÓN MATRÍCULA DAW', '', ' '),
(204, '21/10/2020 0:00:00', 4, ' ', 'DIRECCIÓN PROVINCIAL BIENESTAR SOCIAL', 'INFORMES DE ORIENTACIÓN DE LA ALUMNA ANA ISABEL DORADO NÁJERA', '', ' '),
(205, '22/10/2020 0:00:00', 4, ' ', 'PADRES ALUMNOS', 'CORRECCIONES.', '', ' '),
(206, '22/10/2020 0:00:00', 4, ' ', 'MARVENA LUDWIKOWSKA', 'CARTA.', '', ' '),
(207, '23/10/2020 0:00:00', 4, ' ', 'MICAELA LESCANO CORREA', 'RESOLUCIÓN CONVALIDACIÓN', '', ' '),
(208, '23/10/2020 0:00:00', 4, ' ', 'GREGORIO FERNÁNDEZ GALLLEGO', 'RESOLUCIÓN ANULACIÓN MATRÍCULA DEL MÓDULO LENGUA DE MARCAS DE DAWE', '', ' '),
(209, '23/10/2020 0:00:00', 4, ' ', 'PADRES ALUMNOS', 'CORRECCIONES.', '', ' '),
(210, '26/10/2020 0:00:00', 4, ' ', 'IES ÁGORA', 'OFICIO SOLICITANDO DOCUMENTACIÓN ACADÉMICA DE ERNESTO ZÚŃIGA LINDIO.', '', ' '),
(211, '26/10/2020 0:00:00', 4, ' ', 'IOAN GHERMAN', 'NOTIFICACIÓN DE ABSENTISMO DE DARIUS IOAN GHERMAN (1ŞESO-F)', '', ' '),
(212, '27/10/2020 0:00:00', 24, ' ', 'S. GESTIÓN EDUCATIVA- EVA MŞ MAESO', 'CERTIFICADOS DE MATRÍCULA CURSO 2020/2021', '27/10/2020 0:00:00', ' MODIFICAR'),
(213, '27/10/2020 0:00:00', 24, ' ', 'UNIDAD DE INCLUSIÓN EDUCATIVA', 'RDO. FICHA DE INCLUSIÓN TALLERES DE PREVENCIÓN.', '', ' '),
(214, '27/10/2020 0:00:00', 4, ' ', 'CRISTINA PARADILO HERRERO', 'INFORME DE ABSENTISMO DE DENNIS MILLÁN PARADELO 2ŞESO-B', '', ' '),
(215, '27/10/2020 0:00:00', 4, ' ', 'IES VILLAREJO DE SALVANÉS', 'ENVIO DOCUMENTACIÓN ACADÉMICA DE JORGE MERO AYUSO.', '', ' '),
(216, '28/10/2020 0:00:00', 4, ' ', 'ÁNGEL MAYORAL TORO', 'RESOLUCIÓN SIMULTANEIDAD DE ESTUDOS.', '', ' '),
(217, '28/10/2020 0:00:00', 4, ' ', 'HUGO BALLESTEROS BECERRA', 'RESOLUCIÓN ANULACIÓN MATRICULA DAW E-LEARNING', '', ' '),
(218, '28/10/2020 0:00:00', 4, ' ', 'PADRES ALUMNOS', 'CORRECCIONES.', '', ' '),
(219, '29/10/2020 0:00:00', 4, ' ', 'ZAHRA CHIKHAOUI DALBAZ', 'SUSPENSIÓN ASISTENCIA AL CENTRO DE YASSINE BOUSSEDDANE', '', ' '),
(220, '29/10/2020 0:00:00', 4, ' ', 'ALFONSO GARCÍA LUNA', 'SUSPENSIÓN ASISTENCIA AL CENTRO DE ADRIÁN GARCÍA SANTOS', '', ' '),
(221, '29/10/2020 0:00:00', 24, ' ', 'S. GESTIÓN EDUCATIVA-EVA MŞ MAESO', 'PROPUESTAS TIÚLOS CURSO 19/20 DE ESO, BACHILLERATO, FPB, CFGM Y CFGS.', '', ' '),
(222, '30/10/2020 0:00:00', 24, ' ', 'ASESORIA DE BILINGÜISMO Y PROGRAMAS', 'CERTIFICADO RETRIBUCIONES DOCENTES POR PROYECTOS BILINGÜES Y PLURINGÜES CURSO 20/21', '', ' '),
(223, '2/11/2020 0:00:00', 4, ' ', 'ADRIÁN  MARTÍNEZ MÓNICO', 'SOLICITUD ANULACIÓN MATRÍCULA ASIR', '', ' '),
(224, '2/11/2020 0:00:00', 4, ' ', 'GANIYU OSARETIN LAWANI LAWANI', 'SUSPENSIÓN ASISTENCIA AL CENTRO DE GEROGE EDOSA LAWANI', '', ' '),
(225, '2/11/2020 0:00:00', 4, ' ', 'VIXENT AJAYI', 'SUSPENSIÓN ASISTENCIA AL CENTRO SW KOBE HENRY AJAYI', '', ' '),
(226, '2/11/2020 0:00:00', 4, ' ', 'PEDRO RUIZ FERNÁNDEZ', 'RESOLUCIÓN CONVALIDACIÓN FOL (ASIR)', '', ' '),
(227, '2/11/2020 0:00:00', 4, '', 'AARÓN MORENO ARIAS', 'RESOLUCIÓN CONVALIDACIÓN FOL (ASIR)', '3/11/2020 0:00:00', ' MOIFICAR'),
(228, '2/11/2020 0:00:00', 4, ' ', 'JORGE ROMERO MARTÍNEZ', 'RESOLUCIÓN CONVALIDACIÓN FOL (DAW)', '', ' '),
(229, '2/11/2020 0:00:00', 4, ' ', 'ÁNGEL MAYORAL TORO', 'RESOLUCIÓN CONVALIDACIÓN EIE(ASIR)', '', ' '),
(230, '2/11/2020 0:00:00', 4, ' ', 'JOSÉ RUBÉN DEL CASTILLO PRIETO', 'RESOLUCIÓN CONVALIDACIÓN VARIOS MÓDULOS DE DAW', '', ' '),
(231, '2/11/2020 0:00:00', 4, ' ', 'JOSUÉ FERMÍN MORENO COTRINA', 'RESOLUCIÓN CONVALIDACIÓN INGLÉS TÉCNICO Y FOL (DAW)', '', ' '),
(232, '2/11/2020 0:00:00', 4, ' ', 'ABEL DÍAZ ANTÓN', 'RESOLUCIÓN CONVALIDACIÓN FOL (ASIR)', '', ' '),
(233, '2/11/2020 0:00:00', 4, ' ', 'LAURA HERRERO ACOSTA', 'RESOLUCIÓN CONVALIDACIÓN FOL E INGLÉS TÉCNICO (DAW E-LEARNING)', '', ' '),
(234, '2/11/2020 0:00:00', 4, ' ', 'TANIA VELASCO CARVAJAL', 'RESOLUCIÓN CONVALIDACIÓN EIE  (DAW E-LEARNING)', '', ' '),
(235, '2/11/2020 0:00:00', 4, ' ', 'ÓSCAR ALONSO TERROBA', 'RESOLUCIÓN CONVALIDACIÓN FOL  (DAW E-LEARNING)', '', ' '),
(236, '2/11/2020 0:00:00', 4, ' ', 'MIRIAM ZAMBRANA PÉREZ', 'RESOLUCIÓN CONVALIDACIÓN EIE (DAW E-LEARNING)', '', ' '),
(237, '2/11/2020 0:00:00', 4, ' ', 'BEATRIZ LÓPEZ GIL', 'RESOLUCIÓN CONVALIDACIÓN FOL E INGLÉS TÉCNICO (DAW E-LEARNING)', '', ' '),
(238, '2/11/2020 0:00:00', 4, ' ', 'IVÁN DE LA CRUZ VELASCO', 'RESOLUCIÓN CONVALIDACIÓN FOL (DAW E-LEARNING)', '', ' '),
(239, '2/11/2020 0:00:00', 4, ' ', 'NICOLÉS MORENO PÉREZ', 'RESOLUCIÓN CONVALIDACIÓN EIE (DAW E-LEARNING)', '', ' '),
(240, '2/11/2020 0:00:00', 4, ' ', 'MANUEL ALEJANDRO ABREUT RODRÍGUEZ', 'RESOLUCIÓN CONVALIDACIÓN FOL E INGLÉS TÉCNICO (DAW E-LEARNING)', '', ' '),
(241, '2/11/2020 0:00:00', 4, ' ', 'JESÚS GONZÁLEZ LINOS', 'RESOLUCIÓN CONVALIDACIÓN FOL Y EIE (DAW E-LEARNING)', '', ' '),
(242, '2/11/2020 0:00:00', 4, ' ', 'THOR MARTÍNEZ GONZÁLEZ', 'RESOLUCIÓN CONVALIDACIÓN FOL  (DAW E-LEARNING)', '', ' '),
(243, '2/11/2020 0:00:00', 4, ' ', 'VIRGINIA DELGADO BARRIO', 'RESOLUCIÓN CONVALIDACIÓN FOL (DAW E-LEARNING)', '', ' '),
(244, '2/11/2020 0:00:00', 4, ' ', 'ALEXIX PERACHO ALCARAZ', 'RESOLUCIÓN CONVALIDACIÓN FOL E INGLÉS TÉCNICO (DAW E-LEARNING)', '', ' '),
(245, '2/11/2020 0:00:00', 4, ' ', 'JOSÉ LUIS GONZÁLEZ CAMPOS', 'RESOLUCIÓN CONVALIDACIÓN FOL, INGLÉS TÉCNICO E IAE (DAW E-LEARNING)', '', ' '),
(246, '2/11/2020 0:00:00', 4, ' ', 'MŞ PILAR ESTEBAN SANCHEZ-SECO', 'RESOLUCIÓN CONVALIDACIÓN VARIOS MÓDULOS (DAW E-LEARNING)', '', ' '),
(247, '2/11/2020 0:00:00', 4, ' ', 'MANUEL BORRERO MUŃOS', 'RESOLUCIÓN CONVALIDACIÓN FOL Y EIE (DAW E-LEARNING)', '', ' '),
(248, '2/11/2020 0:00:00', 4, ' ', 'JAVIER PELAEZ MANCEBÁ', 'RESOLUCIÓN CONVALIDACIÓN FOL E INGLÉS TÉCNICO (DAW E-LEARNING)', '', ' '),
(249, '2/11/2020 0:00:00', 4, ' ', 'DANIEL REVENGA GARCÍA', 'RESOLUCIÓN CONVALIDACIÓN EIE (DAW E-LEARNING)', '', ' '),
(250, '2/11/2020 0:00:00', 4, ' ', 'ISABEL MARTÍNEZ RUBIO', 'RESOLUCIÓN CONVALIDACIÓN FOL Y EIE (DAW E-LEARNING)', '', ' '),
(251, '2/11/2020 0:00:00', 4, ' ', 'TOMÁS MANUEL PEDRERO VIDAL', 'RESOLUCIÓN CONVALIDACIÓN EIE (DAW E-LEARNING)', '', ' '),
(252, '2/11/2020 0:00:00', 4, ' ', 'MARYNA KOZUB', 'RESOLUCIÓN CONVALIDACIÓN EIE (DAW E-LEARNING)', '', ' '),
(253, '2/11/2020 0:00:00', 4, ' ', 'ALEJANDRO CHIVITE YAKUSKIN', 'RESOLUCIÓN CONVALIDACIÓN FOL E INGLÉS TÉCNICO (DAW E-LEARNING).', '', ' '),
(254, '2/11/2020 0:00:00', 4, ' ', 'JUAN RAMÓN CASTAŃOS VILLACIEROS', 'RESOLUCIÓN CONVALIDACIÓN VARIOS MÓDULOS (DAW E-LEARNING)', '', ' '),
(255, '2/11/2020 0:00:00', 4, ' ', 'BEATRIZ HERNANDO CHORNET', 'RESOLUCIÓN CONVALIDACIÓNEIE (DAW E-LEARNING)', '', ' '),
(256, '2/11/2020 0:00:00', 4, ' ', 'JOSÉ MIGUEL SÁNCHEZ BENÍTEZ', 'RESOLUCIÓN CONVALIDACIÓN FOL  (DAW E-LEARNING)', '', ' '),
(257, '2/11/2020 0:00:00', 4, ' ', 'RUBÉN RUIZ CUEVAS', 'RESOLUCIÓN CONVALIDACIÓN FOL E INGLÉS TÉCNICO (DAW E-LEARNING)', '', ' '),
(258, '2/11/2020 0:00:00', 4, ' ', 'MIRIAM MARTÍN GARAGORRI', 'RESOLUCIÓN CONVALIDACIÓN FOL Y EIE (DAW E-LEARNING)', '', ' '),
(259, '2/11/2020 0:00:00', 4, ' ', 'ALJANDRO GARCÍA ROJAS', 'RESOLUCIÓN CONVALIDACIÓN FOL , INGLÉS TÉCNICO Y SISTEMAS INFORMÁTICOS (DAW E-LEARNING)', '', ' '),
(260, '2/11/2020 0:00:00', 4, ' ', 'ANDRÉS CABRERA CHOCLÁN', 'RESOLUCIÓN CONVALIDACIÓN FOL (DAW E-LEARNING)', '', ' '),
(261, '2/11/2020 0:00:00', 4, ' ', 'EMILIO VALLEJO JIMÉNEZ', 'RESOLUCIÓN CONVALIDACIÓN EIE (DAW E-LEARNING)', '', ' '),
(262, '2/11/2020 0:00:00', 4, ' ', 'LAURA ALEJANDRE MARTÍNEZ', 'RESOLUCIÓN CONVALIDACIÓN FOL  (DAW E-LEARNING)', '', ' '),
(263, '2/11/2020 0:00:00', 4, ' ', 'ALEJANDRA COBREROS RAMÍREZ', 'RESOLUCIÓN CONVALIDACIÓN EIE (DAW E-LEARNING)', '', ' '),
(264, '2/11/2020 0:00:00', 4, ' ', 'DOMINGO DÍAZ RAMOS', 'RESOLUCIÓN CONVALIDACIÓN FOL E INGLÉS TÉCNICO (DAW E-LEARNING)', '', ' '),
(265, '2/11/2020 0:00:00', 4, ' ', 'CARLOS TRALLERO JIMÉNEZ', 'RESOLUCIÓN CONVALIDACIÓN FOL E INGLÉS TÉCNICO (DAW E-LEARNING)', '', ' '),
(266, '2/11/2020 0:00:00', 4, ' ', 'MAPFRE', 'RESCINCIÓN PÓLIZA SEGURO.', '', ' '),
(267, '2/11/2020 0:00:00', 4, ' ', 'GIOVANNY SALVATORE DARBISISI AGUILERA', 'RESOLUCIÓN EXENCIÓN MÓDULO FCT', '', ' '),
(268, '2/11/2020 0:00:00', 4, ' ', 'DAVID LÓPEZ SANTOS', 'RESOLUCIÓN EXENCIÓN MÓDULO FCT', '', ' '),
(269, '2/11/2020 0:00:00', 4, ' ', 'DAVID LÁZARO MOYA', 'RESOLUCIÓN EXENCIÓN MÓDULO FCT', '', ' '),
(270, '3/11/2020 0:00:00', 4, ' ', 'PATRICIA ELOISA FIALLOS VILLAMAR', 'RESOLUCIÓN CONVALIDACIÓN FOL (DAW E-LEARNING).', '', ' '),
(271, '3/11/2020 0:00:00', 4, ' ', 'CRISTINA ACEDO FERNÁNDEZ', 'RESOLUCIÓN CONVALIDACIÓN FOL (DAW E-LEARNING).', '', ' '),
(272, '5/11/2020 0:00:00', 4, ' ', 'NATALIA HERNANDO GUTIÉRREZ', 'RESOLUCIÓN CONVALIDACIÓN FOL (DAW E-LEARNING)', '', ' '),
(273, '5/11/2020 0:00:00', 4, ' ', 'KARINA ELIZABETH BARRETO VERA', 'RESOLUCIÓN CONVALIZACIÓN (DAW E-LEARNING)', '', ' '),
(274, '5/11/2020 0:00:00', 4, ' ', 'JULIO DÍAZ PEŃA', 'RESOLUCIÓN SIMULTEIDAD DE ESTUDIOS.', '', ' '),
(275, '5/11/2020 0:00:00', 4, ' ', 'JAVIER UGARRIO DURO', 'RESOLUCIÓN ANULACIÓN MATRICULA DWES (DAW E-LEARNING)', '', ' '),
(276, '6/11/2020 0:00:00', 4, ' ', 'HERNY ISMAEL P´REZ FLETE', 'RESOLUCIÓN CONVALIDACIÓN', '', ' '),
(277, '6/11/2020 0:00:00', 4, ' ', 'DANIEL PATRÓN GÓMEZ', 'RESOLUCIÓN CONVALIDACIÓN.', '', ' '),
(278, '6/11/2020 0:00:00', 4, ' ', 'PABLO MUŃOZ SÁNCHEZ', 'RESOLUCIÓN CONVALIDACIÓN', '', ' '),
(279, '9/11/2020 0:00:00', 4, ' ', 'PADRES ALUMNOS', 'CORRECCIONES.', '', ' '),
(280, '9/11/2020 0:00:00', 4, ' ', 'FERNANDO CRESPO SANTANA', 'SUSPENSIÓN ASISRENCIA AL CENTRO DE SAMUEL CRESPO HERNÁN', '', ' '),
(281, '9/11/2020 0:00:00', 4, ' ', 'MŞ FÁTIMA BARROS DUARTE', 'SUSPENCIÓN ASISTENCIA AL CENTRO DE GEMA DÍAZ BARROS.', '', ' '),
(282, '10/11/2020 0:00:00', 4, ' ', 'THOR MARTÍNEZ GONZÁLEZ', 'RESOLUCIÓN ANULACIÓN MATRÍCULA DAW E-LEARNING', '', ' '),
(283, '10/11/2020 0:00:00', 24, ' ', 'SERVICIO DE INSPECCIÓN', 'AUSENCIAS PERSONAL DOCENTE MES DE OCTUBRE', '', ' '),
(284, '10/11/2020 0:00:00', 4, ' ', 'PADRES ALUMNOS', 'CORRECCIONES', '', ' '),
(285, '11/11/2020 0:00:00', 4, ' ', 'MARIANO GARCÍA RICOTE', 'SUSPENSIÓN ASISTENCIA AL CENTRO DE  SERGIO GARCÍA GARCÍA', '', ' '),
(286, '11/11/2020 0:00:00', 4, ' ', 'JOSÉ LUIS PÉREZ CARBALLO', 'SUSPENSIÓN ASISTENCIA AL CENTRO DE JOEL REYES RIVERA', '', ' '),
(287, '11/11/2020 0:00:00', 4, ' ', 'ROSA MŞ GARCÍA SAN MARTÍN', 'SUSPENSIÓN ASISTENCIA AL CENTRO DE JOSÉ MŞ PEINADO GARCÍA', '', ' '),
(288, '12/11/2020 0:00:00', 4, ' ', 'JUAN ANTONIO GARCÍA CHICO', 'RESOLUCIÓN CONVALIDACIÓN FAVORABLE (EIE, FOL), CFGS E-LEARNING DAW', '', ' '),
(289, '12/11/2020 0:00:00', 4, ' ', 'PABLO FERNÁNDEZ SÁNCHEZ', 'RESOLUCIÓN CONVALIDACIÓN FAVORABLE (EIE, FOL), CFGS E-LEARNING DAW', '', ' '),
(290, '12/11/2020 0:00:00', 1, ' ', 'DANIEL MIGUEL ANEAS', 'RESOLUCIÓN CONVALIDACIÓN FAVORABLE (EIE), CFGS 2ŞASIR', '', ' '),
(291, '16/11/2020 0:00:00', 4, ' ', 'PADRES/ALUMNOS', 'CORRECCIONES', '', ' '),
(292, '16/11/2020 0:00:00', 4, ' ', 'DIEGO AGUDO DE LEÓN', 'RESOLUCIÓN DE CONVALIDACIÓN FAVORABLE DE EIE Y FOL DE CFGS (E-LEARNING) DE DIEGO AGUDO DE LEÓN', '', ' '),
(293, '16/11/2020 0:00:00', 4, ' ', 'DANIEL REVENGA GARCÍA', 'RESOLUCIÓN DE CONVALIDACIÓN FAVORABLE FOL DE CFGS (E-LEARNING) DE DANIEL REVENGA GARCÍA', '', ' '),
(294, '17/11/2020 0:00:00', 4, ' ', 'RUBÉN RUIZ CUEVAS', 'CONCESIÓN ANULACIÓN MATRICULA EN CFGS, E-LEARNING- DAW', '', ' '),
(295, '17/11/2020 0:00:00', 4, ' ', 'PADRES DE ALUMNOS', 'CORRECCIONES', '', ' '),
(296, '17/11/2020 0:00:00', 4, ' ', 'FAUSTINO LÓPEZ PORRAS', 'EXPLUSIÓN DE MARIO LÓPEZ LAVISIERA (2ŞFPB) DEL 23 AL 27 NOVIEMBRE DE 2020', '', ' '),
(297, '17/11/2020 0:00:00', 4, ' ', 'OMAR DIOP', 'EXPLUSIÓN DEL CENTRO DE SAYNOBOU DIOP (1ŞESO) DEL 23 AL 27 DE NOVIEMBRE DE 2020', '', ' '),
(298, '17/11/2020 0:00:00', 4, ' ', 'PERSONAL SECUNDARIA', 'PARTE DE BAJA Y ALTA DE BEATRIZ FERNÁNDEZ LARIOS (MES SEPTIEMBRE 2020).', '', ' '),
(299, '18/11/2020 0:00:00', 4, ' ', 'AYUNTAMIENTO DE AZUQUECA DE HENARES', 'NOTIFICACIÓN DEL INTEGRANTE DEL CONSEJO ESCOLAR', '', ' '),
(300, '19/11/2020 0:00:00', 4, ' ', 'JAVIER GONZÁLEZ MOYA', 'CONCESIÓN EXENCIÓN FCT- CFGS (MODULAR. PRESENCIAL)-DAW DE JAVIER GONZÁLEZ MOYA.', '', ' '),
(301, '20/11/2020 0:00:00', 4, ' ', 'VIVIANA GRISEL ACOSTA DIDEIRO', 'SORTEO COMPONENTES DE LA MESA ELECTORAL SECTOR DE PADRES Y MADRES.', '', ' '),
(302, '20/11/2020 0:00:00', 4, '', 'ROSA MARÍA BRIEGAS PACHECO', 'SORTEO COMPONENTES DE LA MESA ELECTORAL SECTOR DE PADRES Y MADRES.', '20/11/2020 0:00:00', 'MODIFICO'),
(303, '20/11/2020 0:00:00', 4, '', 'MŞ AMPARO CANO PÉREZ', 'SORTEO COMPONENTES DE LA MESA ELECTORAL SECTOR DE PADRES Y MADRES.', '20/11/2020 0:00:00', 'MODIFICO'),
(304, '20/11/2020 0:00:00', 4, ' ', 'ABDELHAK, EL AMRANI', 'SORTEO COMPONENTES DE LA MESA ELECTORAL SECTOR DE PADRES Y MADRES.', '', ' '),
(305, '20/11/2020 0:00:00', 4, ' ', 'ISABEL RUFINA, MEDINA FLORES', 'SORTEO COMPONENTES DE LA MESA ELECTORAL SECTOR DE PADRES Y MADRES.', '', ' '),
(306, '20/11/2020 0:00:00', 4, ' ', 'YOLANDA, PÉREZ DELGADO', 'SORTEO COMPONENTES DE LA MESA ELECTORAL SECTOR DE PADRES Y MADRES.', '', ' '),
(307, '20/11/2020 0:00:00', 4, ' ', 'ISABEL PLAZA CALERO', 'SORTEO COMPONENTES DE LA MESA ELECTORAL SECTOR DE PADRES Y MADRES.', '', ' '),
(308, '20/11/2020 0:00:00', 4, ' ', 'DANIEL RODRÍGUEZ TILVE', 'SORTEO COMPONENTES DE LA MESA ELECTORAL SECTOR DE PADRES Y MADRES.', '', ' '),
(309, '20/11/2020 0:00:00', 4, ' ', 'PADRES/ALUMNOS', 'CORRECCIONES', '', ' '),
(310, '20/11/2020 0:00:00', 4, ' ', 'ÁNGEL HEREDIA ALCÁZAR', 'EXPULSIÓN DE JOSÉ MANUEL HEREDIA SEBAQUEBAS 1ŞESO, 5 DÍAS (DEL 23 AL 27 DE NOVIEMBRE)', '', ' '),
(311, '20/11/2020 0:00:00', 4, ' ', 'OMAR DIOP', 'EXPULSIÓN DE SAYNOBOU DIOP 1ŞESO, 5 DÍAS (DEL 30 DE NOVIEMBRE AL 4 DE DICIEMBRE).', '', ' '),
(312, '20/11/2020 0:00:00', 4, ' ', 'IES \"ANTONIO MACHADO\" DE ALCALÁ DE HENARES', 'PETICIÓN DE EXPEDIENTE ACAD. DE SERGIO MONTALVO SIERRA (1Ş ESO)', '', ' '),
(313, '20/11/2020 0:00:00', 1, ' ', 'CARLA BERLANGA CABRERIZO', 'ANULACIÓN MÓDULO DESARROLLO WEB ENTORNO CLIENTE. CFGS (E-LEARNING-DAW)', '', ' '),
(314, '23/11/2020 0:00:00', 4, ' ', 'ÁNGEL DANIEL SUÁREZ CALERO', 'ANULACIÓN MÓDULOS CFGS (E-LEARNING-DAW)- DWES', '', ' '),
(315, '23/11/2020 0:00:00', 4, ' ', 'ALEJANDRO ROMERAL DEL OLMO', 'ANULACIÓN DE MÓDULOS CFGS (E-LEARNING-DAW)- DWEC Y DAW', '', ' '),
(316, '23/11/2020 0:00:00', 4, ' ', 'ELISABET LINDIO GARCÍA', 'CONCESIÓN DE ANULACIÓN DE MATRÍCULA DE ERNESTO ZUŃIGA LINDIO EN 4Ş ESO.', '', ' '),
(317, '23/11/2020 0:00:00', 4, ' ', 'PADRES/ALUMNOS', 'CORRECCIONES', '', ' '),
(318, '23/11/2020 0:00:00', 4, ' ', 'AMOS ETIW OSA OBASOHAN', 'EXPULSIÓN DE OTHNIEL EGHOSA OBASOHAN 1ŞESO-F, 5 DÍAS ( DEL 25 NOV. AL 1 DIC. 2020)', '', ' '),
(319, '23/11/2020 0:00:00', 4, ' ', 'BUKOLA SOPHIA ADEWUYI ADEWUYI', 'EXPULSIÓN DE ADEDAPO ISAAC ADEWUYI 1ŞESO-E, 5 DÍAS ( DEL 25 NOV. AL 1 DIC. 2020)', '', ' '),
(320, '23/11/2020 0:00:00', 4, ' ', 'DAVID BLÁZQUEZ HINOJAR', 'CONCESIÓN ANULACIÓN MATRÍCULA CFGS (E-LEARNING-DAW)', '', ' '),
(321, '24/11/2020 0:00:00', 4, ' ', 'ROBERTO CASADO AMARO', 'CONCESIÓN RENUNCIA CONVOCATORIA DE ROBERTO CASADO AMARO. CFGS (E-LEARNING)-DAW, MÓDULO SIST. INFORMÁTICOS', '', ' '),
(322, '24/11/2020 0:00:00', 4, ' ', 'PADRES/ALUMNOS', 'CORRECCIONES', '', ' '),
(323, '24/11/2020 0:00:00', 4, ' ', 'JUAN JOSÉ GONZÁLEZ SERRANO', 'EXPULSIÓN DEL CENTRO A JAVIER GONZÁLEZ IBÁŃEZ 2Ş ESO-C,  3 DÍAS (30 NOV, 1 Y 2 DE DIC.)', '', ' '),
(324, '24/11/2020 0:00:00', 4, ' ', 'BETHANIA HENRIQUEZ PAULINO', 'EXPULSIÓN DEL CENTRO A WALVIN ANTONIO BATISTA HENRIQUEZ,  2Ş ESO-D,  3 DÍAS (30 NOV, 1 Y 2 DE DIC.)', '', ' '),
(325, '25/11/2020 0:00:00', 4, ' ', 'PADRES/ALUMNOS', 'CORRECCIONES', '', ' '),
(326, '25/11/2020 0:00:00', 4, ' ', 'CÉSAR ANTÓN AGUILERA', 'CONCESIÓN CONVALIDACIÓN FOL Y EIE DEL CFGS (E-LEARNING-DAW)', '', ' '),
(327, '26/11/2020 0:00:00', 4, ' ', 'CAU-EDUCACIÓN (TALAVERA DE LA REINA)', 'ACTA DE RECEPCIÓN DE MATERIAL', '', ' '),
(328, '26/11/2020 0:00:00', 4, ' ', 'DIREC. PROV. EDUC. GUADALAJARA (BECAS-EVA MAESO)', 'RELACIÓN DE ALUMNOS NO CUMPLEN REQUISITOS PARA BECA CURSO 2019/20', '', ' '),
(329, '26/11/2020 0:00:00', 4, ' ', 'ASESOR FP (ANDRÉS RODRÍGUEZ NAVARRO)', 'SOLICITUDES ADMISIÓN CURSO ESPECIALIZACIÓN CIBERSEGURIDAD.', '', ' '),
(330, '27/11/2020 0:00:00', 4, ' ', 'PEDRO ANTONIO ROSARIO PABLO', 'EXPULSIÓN DE CENTRO A PEDRO DANIEL ROSARIO GARCÍA DE 1Ş ESO-F (10 DÍAS- DEL 30 NOV. AL 14 DE DICIEMBRE).', '', ' '),
(331, '27/11/2020 0:00:00', 4, ' ', 'IONELA BILIANA TRUIA', 'EXPULSIÓN DE CENTRO A MOSSEF BRENDAN TRUIA DE 1Ş ESO-F (5 DÍAS- DEL 30 NOV. AL 4 DE DICIEMBRE).', '', ' '),
(332, '27/11/2020 0:00:00', 4, ' ', 'CATALIN HIHAITA BALAN', 'EXPULSIÓN DE CENTRO A BIANCA MARÍA BALÁN DE 1Ş ESO-F (5 DÍAS- DEL 30 NOV. AL 4 DE DICIEMBRE).', '', ' '),
(333, '27/11/2020 0:00:00', 4, ' ', 'SERGIO MUŃOZ DÍAZ', 'EXPULSIÓN DE CENTRO A CLAUIDA MUŃOZ REDONDO DE 1Ş ESO-F (5 DÍAS- DEL 30 NOV. AL 4 DE DICIEMBRE).', '', ' '),
(334, '27/11/2020 0:00:00', 4, ' ', 'JOHANNA PRADO BERNAL', 'EXPULSIÓN DE CENTRO A CATALINA CAMACHO PRADO DE 1Ş ESO-F (5 DÍAS- DEL 30 NOV. AL 4 DE DICIEMBRE).', '', ' '),
(335, '27/11/2020 0:00:00', 4, ' ', 'SERVICIO INSPECCIÓN GUADALAJARA (SUSANA TAMAYO)', 'FUNCIONES DE JEFATURA DE DEPARTAMENTEO', '', ' '),
(336, '27/11/2020 0:00:00', 4, ' ', 'LESLEY TATIANA GUTIÉRREZ ORTEGA', 'CONCESIÓN CONVALIDACIÓN CFGS \"DAW\" MÓDULO FOL', '', ' '),
(337, '27/11/2020 0:00:00', 4, ' ', 'PABLO ÁLVAREZ GONZÁLEZ', 'CONCESIÓN CONVALIDACIÓN CFGS \"ASIR\" MÓDULO FOL', '', ' '),
(338, '30/11/2020 0:00:00', 4, ' ', 'JOSÉ LUIS CALLEJA GARCÍA', 'CONCESIÓN CONVALIDACIÓN DE MÓDULOS (EIE, FOL) DEL CFGS (E-LEARNING-DAW)', '', ' '),
(339, '30/11/2020 0:00:00', 4, ' ', 'PADRES/ALUMNOS', 'CORRECCIONES', '', ' '),
(340, '30/11/2020 0:00:00', 4, ' ', 'SERVICIO INSPECCIÓN', 'PARTE MENSUAL AUSENCIAS PERSONAL DOCENTE MES OCTUBRE MODIFICADO', '', ' '),
(341, '30/11/2020 0:00:00', 4, ' ', 'CARLOS ATIENZA DE LA CRUZ', 'ANULACIÓN DEL MÓDULO INGLÉS DEL CFGS (E-LEARNING-DAW)', '', ' '),
(342, '1/12/2020 0:00:00', 4, ' ', 'PADRES/ALUMNOS', 'CORRECCIONES', '', ' '),
(343, '1/12/2020 0:00:00', 4, ' ', 'ELENA RODICA OLARU', 'EXPULSIÓN DEL CENTRO A ARIANA MARÍA COCOSILA 2 DÍAS (3 Y 4 DE DICIEMBRE DE 2020)', '', ' '),
(344, '1/12/2020 0:00:00', 4, ' ', 'ALEJANDRO LÓPEZ SALGADO', 'EXPULSIÓN DEL CENTRO A ELENA LÓPEZ GARCÍA.  2 DÍAS (3 Y 4 DE DICIEMBRE DE 2020)', '', ' '),
(345, '1/12/2020 0:00:00', 4, ' ', 'OHL SEVICIOS INGESAN, SAU', 'CONTRATO DE ARRENDAMIENTO SEVICIOS MANTENIMIENTO PREVENTIVO INST. CALEFACCIÓN DE ESTE CENTRO', '', ' '),
(346, '1/12/2020 0:00:00', 4, ' ', 'ASESOR FP (ANDRÉS RODRÍGUEZ NAVARRO)', '4 SOLICITUDES ADMISIÓN CURSO ESPECIALIZACIÓN CIBERSEGURIDAD', '', ' '),
(347, '3/12/2020 0:00:00', 4, ' ', 'EVA MAESO (BECAS)', 'CERTIFICADO BECA DE LESLEY GUTIÉRREZ ORTEGA(1ŞDAW) Y ANTHONY PAUL CRUZ GUTIÉRREZ (2ŞASIR)', '', ' '),
(348, '4/12/2020 0:00:00', 4, ' ', 'ALFONSO GARCÍA LUNA', 'EXPULSIÓN DE ADRIÁN GARCÍA SANTOS 3 DÍAS (15,16 Y 17 DE DICIEMBRE DE 2020)', '', ' '),
(349, '4/12/2020 0:00:00', 4, ' ', 'ALEJANDRO GARCÍA ROJAS', 'RESOLUCIÓN CONCESIÓN CONVALIDACIÓN DEL MÓDULO BD DEL CFGS (E-LEARNING-DAW)', '', ' '),
(350, '7/12/2020 0:00:00', 4, ' ', 'OHL SERVICIOS INGESAN, SAU', 'REMITIENDO NUEVAMENTE CONTRATO SERV. MANTEN. CALEFACCIÓN DE ESTE CENTRO, UNA VEZ FIRMADAS TODAS LAS HOJAS.', '', ' '),
(351, '7/12/2020 0:00:00', 4, ' ', 'IES \"SALVADOR TÁVORA\"', 'REMITIENDO DOCUMENTACIÓN ACADÉMICA DE GILARY BENAVIDES ROZO.', '', ' '),
(352, '7/12/2020 0:00:00', 4, ' ', 'PADRES/ALUMNOS', 'CORRECCIONES', '', ' '),
(353, '7/12/2020 0:00:00', 4, ' ', 'FERNANDO CRESPO SANTACANA', 'EXPULSIÓN DEL CENTRO A SAMUEL CRESPO HERNÁN 1ŞESO-E, 2 DÍAS (15 Y 16 DICIEMBRE DE 2020)', '', ' '),
(354, '7/12/2020 0:00:00', 4, ' ', 'JOSÉ LUIS PÉREZ CARBALLO', 'EXPULSIÓN DEL CENTRO A JOEL REYES RIVERA 1ŞESO-E, 2 DÍAS (15 Y 16 DICIEMBRE DE 2020)', '', ' '),
(355, '7/12/2020 0:00:00', 4, ' ', 'YEIMI CAMACHO SEMANATE', 'EXPULSIÓN DEL CENTRO A DANIELA CAMACHO SEMANATE 4ŞESO-C, 2 DÍAS (15 Y 16 DICIEMBRE DE 2020)', '', ' '),
(356, '7/12/2020 0:00:00', 4, ' ', 'JENNY SUGEY GURIDY VALDEZ', 'EXPULSIÓN DEL CENTRO A RIKIANA PACHE GURIDY 4ŞESO-C, 2 DÍAS (15 Y 16 DICIEMBRE DE 2020)', '', ' '),
(357, '7/12/2020 0:00:00', 4, ' ', 'CARLOS MANTECA SOLANO', 'EXPULSIÓN DEL CENTRO A RAÚL MANTECA BLÁZQUEZ 2ŞESO-A, 2 DÍAS (15 Y 16 DICIEMBRE DE 2020)', '', ' '),
(358, '7/12/2020 0:00:00', 4, ' ', 'ÁNGEL MAYORAL TORO', 'ANULACIÓN MATRÍCULA CFGS \"ASIR\" MODULAR PRESENCIAL', '', ' '),
(359, '7/12/2020 0:00:00', 4, ' ', 'PADRES/ALUMNOS', 'CORRECCIONES', '', ' '),
(360, '7/12/2020 0:00:00', 4, ' ', 'DENITSA MARINOVA KOLEVA', 'RESOLUCIÓN FAVORABLE CONVALIDACIÓN DE FOL, EIE', '', ' '),
(361, '9/12/2020 0:00:00', 4, ' ', 'SERVICIO INSPECCIÓN', 'PARTE MENSUAL AUSENCIAS PERSONAL DOCENTE MES NOVIEMBRE.', '', ' '),
(362, '9/12/2020 0:00:00', 4, ' ', 'SERVICIO INSPECCIÓN (SUSANA TAMAYO)', 'FUNCIONES JEFATURA DE DEPARTAMENTO FILOSOFÍA Y MÚSICA.', '', ' '),
(363, '9/12/2020 0:00:00', 4, ' ', 'M.ASCENSIÓN MINGUIJÓN HERNÁNDEZ', 'ESCRITO INSPECCIÓN', '', ' '),
(364, '9/12/2020 0:00:00', 4, ' ', 'IES PEŃALBA', 'REMITIENDO EXPEDIENTE ACADÉMICO DE BADESCU GEORGE ADRIÁN', '', ' '),
(365, '10/12/2020 0:00:00', 4, ' ', 'MILENA STOYCHEVA STOYKOVA', 'RESOLUCIÓN FAVORABLE CONVALIDACIÓN MÓDULO EIE DEL CFGS (E-LEARNING \"DAW\")', '', ' '),
(366, '10/12/2020 0:00:00', 4, ' ', 'PADRES/ALUMNOS', 'CORRECCIONES', '', ' '),
(367, '10/12/2020 0:00:00', 4, ' ', 'PADRE -DIMITAR STRAHIVOL PEHLIVANOV', 'CORRECCIÓN', '', ' '),
(368, '10/12/2020 0:00:00', 4, ' ', 'DIMITAR STRAHILOV PEHLIVANOV', 'EXPULSIÓN DEL CENTRO 2 DÍAS (15 Y 16 DE DICIEMBRE 2020 A MARTÍN DIMITROV PEHLIVANOV DE 2ŞESO-C', '', ' '),
(369, '10/12/2020 0:00:00', 4, ' ', 'ÓSCAR LÓPEZ CASTELLANOS', 'EXPULSIÓN DEL CENTRO 3 DÍAS (15,16 Y 17 DE DICIEMBRE DE 2020 A ADRIÁN LÓPEZ ARIAS 1ŞESO-E)', '', ' '),
(370, '10/12/2020 0:00:00', 4, ' ', 'ZHRA CHIKHAOUI DALBAZ', 'EXPULSIÓN DEL CENTRO 2 DÍAS (15,16 DE DICIEMBRE DE 2020 A YASSINE BOUSSEDDANE CHIKHAOUI 1ŞESO-D)', '', ' '),
(371, '10/12/2020 0:00:00', 4, ' ', 'JULIO PEŃA DÍAZ', 'ANULACIÓN MÓDULOS DESPLIEGUE DE APLIC. WEB Y DISEŃO DE INTERFACES WEB DEL CFGS (E-LEARNING-DAW)', '', ' '),
(372, '11/12/2020 0:00:00', 4, ' ', 'NTRA. SRA. DE LOS DOLORES', 'PETICIÓN EXPEDIENTE DE YUQUI JI - 3ŞESO-C', '', ' '),
(373, '14/12/2020 0:00:00', 4, ' ', 'DIANA CRISTINA VARGAS ZEA', 'EXPULSIÓN DEL CENTRO A JUAN FERNANDO GONZÁLEZ VARGAS 2ŞESO-D, DOS DÍAS (16 Y 17 DE DICIEMBRE DE 2020)', '', ' '),
(374, '14/12/2020 0:00:00', 4, ' ', 'PADRES/ALUMNOS', 'CORRECCIONES', '', ' '),
(375, '15/12/2020 0:00:00', 4, ' ', 'CARLOS ATIENZA DE LA CRUZ', 'RESOLUCIÓN FAVORABLE ANULACIÓN MATRÍCULA DEL CFGS (E-LEARNING-DAW)', '', ' '),
(376, '16/12/2020 0:00:00', 4, ' ', 'JAVIER MAGÁN FERNÁNDEZ', 'RESOLUCIÓN FAVORABLE ANULACIÓN MÓDULOS LENGUAJE DE MARCAS E INGLÉS DEL CFGS (E-LEARNING-DAW)', '', ' '),
(377, '17/12/2020 0:00:00', 4, ' ', 'GREGORIO FERNÁNDEZ GALLEGO', 'RESOLUCIÓN FAVORABLE ANULACIÓN DEL MÓDULO PROGRAMACIÓN DEL CFGS (E-LEARNING-DAW)', '', ' '),
(378, '17/12/2020 0:00:00', 4, ' ', 'SERVICIO INSPECCIÓN (SUSANA TAMAYO)', 'CARTA DEL DEPARTAMENTO DE ORIENTACIÓN E INFORMES DE ABSENTISMO ESCOLAR DE NICOLE HELENA TORO CARTAGENA Y CLAUDIA CEREZA ARIAS (2ŞESO)', '', ' '),
(379, '18/12/2020 0:00:00', 4, ' ', 'JUAN MANUEL DÍAZ HERNÁNDEZ', 'RESOLUCIÓN FAVORABLE ANULACIÓN DE MÓDULOS (DAW, ED, DWS,DWC), DEL CFGS (E-LEARNING-DAW).', '', ' '),
(380, '18/12/2020 0:00:00', 4, ' ', 'PADRES/ALUMNOS', 'CORRECCIONES', '', ' '),
(381, '21/12/2020 0:00:00', 4, ' ', 'PADRES/ALUMNOS', 'CORRECCIONES', '', ' '),
(382, '21/12/2020 0:00:00', 4, ' ', 'ARACELI LARA CAMACHO', 'EXPULSIÓN DE SERGIO RODRÍGUEZ LARA 4ŞESO-C (3 DÍAS- 13,14 Y 15 DE ENERO DE 2021)', '', ' '),
(383, '21/12/2020 0:00:00', 4, ' ', 'AMOS ETIW OSA OBASOHAN', 'EXPULSIÓN DE OTHNIEL EGHOSA OBASOHAN 1ŞESO-F (3 DÍAS- 13,14 Y 15 DE ENERO DE 2021)', '', ' '),
(384, '22/12/2020 0:00:00', 4, ' ', 'PADRES/ALUMNOS', 'CORRECCIONES', '', ' '),
(385, '22/12/2020 0:00:00', 4, ' ', 'SERVICIO INSPECCIÓN (SUSANA TAMAYO)', 'RECIBÍ FIRMADO Y FECHADO DEL ESCRITO ENVIADO POR INSPECCIÓN A MŞ ASCENSIÓN MINGUIJÓN HERNÁNDEZ)', '', ' '),
(386, '2022-03-14 08:41:44', 24, '555', '555', '555', '', ''),
(387, '2022-03-07 12:00:39', 1, '', 'GUADALAJARA DP', '555', '', '');

-- --------------------------------------------------------

--
-- Estructura de tabla para la tabla `sdestino`
--

DROP TABLE IF EXISTS `sdestino`;
CREATE TABLE IF NOT EXISTS `sdestino` (
  `id` int(8) NOT NULL,
  `descri` varchar(50) DEFAULT NULL,
  PRIMARY KEY (`id`)
) ENGINE=InnoDB DEFAULT CHARSET=utf8;

--
-- Volcado de datos para la tabla `sdestino`
--

INSERT INTO `sdestino` (`id`, `descri`) VALUES
(1, 'Consejería de Educación y Ciencia'),
(3, 'Interno'),
(4, 'Otro'),
(21, 'Delegación de Edu. Albacete'),
(22, 'Delegación  de Edu. Ciudad Re'),
(23, 'Delegación de Edu. Cuenca'),
(24, 'Delegación de Edu. Guadalaja'),
(25, 'Delegación de Edu. Toledo');

--
-- Restricciones para tablas volcadas
--

--
-- Filtros para la tabla `rentrada`
--
ALTER TABLE `rentrada`
  ADD CONSTRAINT `rentrada_ibfk_1` FOREIGN KEY (`Asunto`) REFERENCES `easunto` (`id`),
  ADD CONSTRAINT `rentrada_ibfk_2` FOREIGN KEY (`Destino`) REFERENCES `edestino` (`id`);

--
-- Filtros para la tabla `rsalida`
--
ALTER TABLE `rsalida`
  ADD CONSTRAINT `rsalida_ibfk_1` FOREIGN KEY (`Destino`) REFERENCES `sdestino` (`id`);
COMMIT;

/*!40101 SET CHARACTER_SET_CLIENT=@OLD_CHARACTER_SET_CLIENT */;
/*!40101 SET CHARACTER_SET_RESULTS=@OLD_CHARACTER_SET_RESULTS */;
/*!40101 SET COLLATION_CONNECTION=@OLD_COLLATION_CONNECTION */;
